{
    "1e-13": {
        "0.0007": [
            0.316,
            0.453,
            0.46,
            0.0,
            0.0,
            0.0,
            0.0,
            0.0,
            0.0,
            0.0,
            0.0,
            0.0,
            0.0,
            0.0,
            0.0,
            0.0
        ]
    },
    "1.2589254117941663e-13": {
        "0.0007": [
            0.389,
            0.549,
            0.651,
            0.607,
            0.072,
            0.0,
            0.0,
            0.0,
            0.33,
            0.084,
            0.063,
            0.043,
            0.026,
            0.067,
            0.016,
            0.03
        ]
    },
    "1.584893192461111e-13": {
        "0.0007": [
            0.458,
            0.659,
            0.766,
            0.82,
            0.793,
            0.398,
            0.0,
            0.0,
            0.737,
            0.384,
            0.257,
            0.406,
            0.167,
            0.304,
            0.137,
            0.204
        ]
    },
    "1.9952623149688747e-13": {
        "0.0007": [
            0.479,
            0.693,
            0.781,
            0.838,
            0.884,
            0.885,
            0.656,
            0.092,
            0.876,
            0.838,
            0.317,
            0.633,
            0.327,
            0.412,
            0.4,
            0.326
        ]
    },
    "2.511886431509572e-13": {
        "0.0007": [
            0.485,
            0.698,
            0.791,
            0.842,
            0.86,
            0.911,
            0.926,
            0.922,
            0.954,
            0.946,
            0.912,
            0.899,
            0.866,
            0.739,
            0.72,
            0.562
        ]
    }
}