{
    "1e-13": {
        "5.6e-05": [
            0.044,
            0.05,
            0.069,
            0.066,
            0.08,
            0.08,
            0.091,
            0.098,
            0.082,
            0.104,
            0.1,
            0.062,
            0.084,
            0.07,
            0.066,
            0.069
        ],
        "0.00025": [
            0.032,
            0.043,
            0.049,
            0.079,
            0.069,
            0.068,
            0.07,
            0.08,
            0.093,
            0.085,
            0.066,
            0.062,
            0.047,
            0.054,
            0.03,
            0.031
        ],
        "0.0007": [
            0.026,
            0.0,
            0.0,
            0.0,
            0.0,
            0.0,
            0.0,
            0.0,
            0.0,
            0.001,
            0.0,
            0.0,
            0.0,
            0.0,
            0.0,
            0.0
        ]
    },
    "1.2589254117941663e-13": {
        "5.6e-05": [
            0.195,
            0.329,
            0.391,
            0.486,
            0.525,
            0.541,
            0.567,
            0.63,
            0.685,
            0.745,
            0.721,
            0.727,
            0.704,
            0.666,
            0.701,
            0.623
        ],
        "0.00025": [
            0.202,
            0.303,
            0.395,
            0.432,
            0.444,
            0.486,
            0.504,
            0.509,
            0.632,
            0.632,
            0.637,
            0.618,
            0.623,
            0.536,
            0.571,
            0.505
        ],
        "0.0007": [
            0.17,
            0.08,
            0.0,
            0.0,
            0.0,
            0.0,
            0.0,
            0.0,
            0.0,
            0.027,
            0.0,
            0.001,
            0.002,
            0.0,
            0.004,
            0.0
        ]
    },
    "1.584893192461111e-13": {
        "5.6e-05": [
            0.293,
            0.499,
            0.604,
            0.704,
            0.738,
            0.8,
            0.857,
            0.844,
            0.915,
            0.936,
            0.946,
            0.932,
            0.942,
            0.907,
            0.942,
            0.936
        ],
        "0.00025": [
            0.294,
            0.485,
            0.574,
            0.658,
            0.712,
            0.754,
            0.766,
            0.795,
            0.878,
            0.881,
            0.914,
            0.884,
            0.883,
            0.831,
            0.876,
            0.831
        ],
        "0.0007": [
            0.277,
            0.449,
            0.034,
            0.0,
            0.0,
            0.0,
            0.0,
            0.0,
            0.0,
            0.076,
            0.001,
            0.002,
            0.035,
            0.0,
            0.024,
            0.0
        ]
    },
    "1.9952623149688747e-13": {
        "5.6e-05": [
            0.388,
            0.624,
            0.781,
            0.851,
            0.901,
            0.923,
            0.958,
            0.956,
            0.97,
            0.98,
            0.975,
            0.986,
            0.981,
            0.979,
            0.981,
            0.979
        ],
        "0.00025": [
            0.388,
            0.639,
            0.731,
            0.823,
            0.879,
            0.899,
            0.913,
            0.926,
            0.95,
            0.96,
            0.962,
            0.964,
            0.963,
            0.951,
            0.961,
            0.957
        ],
        "0.0007": [
            0.357,
            0.617,
            0.656,
            0.021,
            0.0,
            0.0,
            0.0,
            0.0,
            0.003,
            0.099,
            0.171,
            0.01,
            0.097,
            0.0,
            0.046,
            0.0
        ]
    },
    "2.511886431509572e-13": {
        "5.6e-05": [
            0.501,
            0.749,
            0.854,
            0.908,
            0.949,
            0.97,
            0.988,
            0.984,
            0.992,
            0.995,
            0.995,
            0.989,
            0.993,
            0.995,
            0.995,
            0.996
        ],
        "0.00025": [
            0.503,
            0.762,
            0.853,
            0.907,
            0.926,
            0.946,
            0.964,
            0.974,
            0.981,
            0.976,
            0.986,
            0.993,
            0.99,
            0.983,
            0.982,
            0.986
        ],
        "0.0007": [
            0.469,
            0.677,
            0.786,
            0.822,
            0.277,
            0.0,
            0.0,
            0.0,
            0.665,
            0.292,
            0.467,
            0.107,
            0.192,
            0.164,
            0.114,
            0.091
        ]
    }
}