{
    "1e-13": {
        "0.0007": [
            0.306,
            0.488,
            0.448,
            0.0,
            0.0,
            0.0,
            0.0,
            0.0,
            0.0,
            0.064,
            0.094,
            0.003,
            0.059,
            0.0,
            0.03,
            0.0
        ]
    },
    "1.2589254117941663e-13": {
        "0.0007": [
            0.363,
            0.572,
            0.654,
            0.595,
            0.074,
            0.0,
            0.0,
            0.0,
            0.327,
            0.21,
            0.319,
            0.04,
            0.119,
            0.073,
            0.073,
            0.038
        ]
    },
    "1.584893192461111e-13": {
        "0.0007": [
            0.482,
            0.643,
            0.769,
            0.829,
            0.806,
            0.386,
            0.0,
            0.0,
            0.746,
            0.467,
            0.49,
            0.408,
            0.283,
            0.292,
            0.183,
            0.209
        ]
    },
    "1.9952623149688747e-13": {
        "0.0007": [
            0.498,
            0.689,
            0.78,
            0.843,
            0.866,
            0.892,
            0.663,
            0.1,
            0.855,
            0.86,
            0.583,
            0.642,
            0.463,
            0.434,
            0.416,
            0.321
        ]
    },
    "2.511886431509572e-13": {
        "0.0007": [
            0.464,
            0.709,
            0.776,
            0.844,
            0.889,
            0.921,
            0.933,
            0.915,
            0.956,
            0.955,
            0.941,
            0.896,
            0.897,
            0.707,
            0.709,
            0.531
        ]
    }
}