{
    "1e-13": {
        "5.6e-05": [
            0.026,
            0.036,
            0.055,
            0.071,
            0.061,
            0.104,
            0.087,
            0.09,
            0.086,
            0.094,
            0.077,
            0.081,
            0.077,
            0.066,
            0.084,
            0.055
        ],
        "0.00025": [
            0.031,
            0.058,
            0.052,
            0.068,
            0.084,
            0.071,
            0.075,
            0.073,
            0.073,
            0.075,
            0.053,
            0.048,
            0.033,
            0.037,
            0.051,
            0.025
        ],
        "0.0007": [
            0.024,
            0.0,
            0.0,
            0.0,
            0.0,
            0.0,
            0.0,
            0.0,
            0.0,
            0.0,
            0.0,
            0.0,
            0.0,
            0.0,
            0.0,
            0.0
        ]
    },
    "1.2589254117941663e-13": {
        "5.6e-05": [
            0.199,
            0.306,
            0.403,
            0.412,
            0.473,
            0.541,
            0.605,
            0.57,
            0.705,
            0.733,
            0.736,
            0.706,
            0.729,
            0.661,
            0.712,
            0.627
        ],
        "0.00025": [
            0.159,
            0.294,
            0.358,
            0.382,
            0.435,
            0.49,
            0.503,
            0.492,
            0.593,
            0.654,
            0.61,
            0.644,
            0.583,
            0.5,
            0.531,
            0.464
        ],
        "0.0007": [
            0.157,
            0.099,
            0.0,
            0.0,
            0.0,
            0.0,
            0.0,
            0.0,
            0.0,
            0.03,
            0.0,
            0.002,
            0.002,
            0.0,
            0.005,
            0.0
        ]
    },
    "1.584893192461111e-13": {
        "5.6e-05": [
            0.289,
            0.449,
            0.591,
            0.697,
            0.754,
            0.778,
            0.846,
            0.844,
            0.89,
            0.911,
            0.932,
            0.937,
            0.936,
            0.891,
            0.926,
            0.894
        ],
        "0.00025": [
            0.284,
            0.422,
            0.561,
            0.674,
            0.706,
            0.708,
            0.768,
            0.8,
            0.861,
            0.867,
            0.888,
            0.892,
            0.87,
            0.816,
            0.879,
            0.831
        ],
        "0.0007": [
            0.258,
            0.414,
            0.027,
            0.0,
            0.0,
            0.0,
            0.0,
            0.0,
            0.0,
            0.057,
            0.0,
            0.0,
            0.033,
            0.0,
            0.022,
            0.0
        ]
    },
    "1.9952623149688747e-13": {
        "5.6e-05": [
            0.383,
            0.601,
            0.742,
            0.833,
            0.889,
            0.915,
            0.939,
            0.943,
            0.974,
            0.983,
            0.978,
            0.981,
            0.987,
            0.973,
            0.977,
            0.975
        ],
        "0.00025": [
            0.345,
            0.597,
            0.725,
            0.814,
            0.851,
            0.896,
            0.925,
            0.935,
            0.953,
            0.974,
            0.971,
            0.968,
            0.97,
            0.945,
            0.965,
            0.951
        ],
        "0.0007": [
            0.334,
            0.545,
            0.632,
            0.022,
            0.0,
            0.0,
            0.0,
            0.0,
            0.001,
            0.084,
            0.161,
            0.009,
            0.096,
            0.0,
            0.055,
            0.0
        ]
    },
    "2.511886431509572e-13": {
        "5.6e-05": [
            0.471,
            0.731,
            0.858,
            0.912,
            0.948,
            0.976,
            0.974,
            0.986,
            0.989,
            0.995,
            0.992,
            0.997,
            0.997,
            0.998,
            0.994,
            0.998
        ],
        "0.00025": [
            0.45,
            0.686,
            0.816,
            0.876,
            0.908,
            0.94,
            0.96,
            0.97,
            0.982,
            0.989,
            0.986,
            0.989,
            0.995,
            0.982,
            0.987,
            0.992
        ],
        "0.0007": [
            0.446,
            0.65,
            0.792,
            0.859,
            0.257,
            0.0,
            0.0,
            0.0,
            0.633,
            0.29,
            0.429,
            0.134,
            0.17,
            0.179,
            0.107,
            0.093
        ]
    }
}