ObsId RA DEC THETA POS_ERR SIGNIFICANCE
23324 127.7693092575682 9.70545097958357 9.26384598089788 0.569261126292917 21.301944732666016
23393 194.21793068540944 23.49737137881488 0.2166003703596427 0.06985440223878052 40.18960189819336
27611 184.7393344369048 11.12728956014925 0.5628034700381359 0.03421185905575115 212.77139282226562
23477 202.41434487443652 47.21230856831212 0.4433721655248347 0.06645078868664885 36.995849609375
23479 202.51760123469967 47.22244730606814 4.886751920323739 0.33800077624109487 11.043736457824707
23487 187.66188031663623 41.636132294079644 2.907651435297709 0.1454523757111102 19.692283630371094
23487 187.63165250381374 41.69474704187785 3.235235610218142 0.06946250636950396 99.1434097290039
23488 187.66173433407874 41.6360916527896 2.457075504602909 0.08753291125732836 28.10297393798828
23489 187.66182351791952 41.63610435006035 1.920994564638723 0.0657568084200524 49.74999237060547
23489 187.62675459280035 41.69502116670749 3.881079825407212 0.06670350497878581 123.01032257080078
23491 187.64631625996262 41.646328105754485 1.284462868599568 0.09846312690913951 21.838043212890625
23580 170.2466427601666 39.171890883325176 3.764075548678886 0.0883276217164096 80.1974868774414
23582 178.31122911171954 10.841826395740775 4.271643106985319 0.23735659811049795 11.155279159545898
25212 228.92388894723004 -19.36898160037414 6.009756879365965 0.2526270715205724 41.45396041870117
28964 244.71649522184907 -1.991866011802935 6.134223500424384 0.360551429526109 5.741755962371826
26663 148.9777595314983 69.68353368213447 0.5468822615797461 0.04928137315459901 49.45996856689453
26663 148.81061175063124 69.79313365714994 7.606521528955563 0.33828353838297986 49.439048767089844
26664 148.94426810595644 69.67722905536506 1.368499167219928 0.042287981921169775 40.12459182739258
26664 148.9776509581488 69.68364957341979 0.5897401059561257 0.03008309915331521 63.94820022583008
27863 210.9823601795029 54.349447323492235 3.333853438958577 0.15036859416783266 25.51070213317871
22475 110.91871865435877 80.27623292697113 11.16704127248805 1.2974166621027174 6.633389472961426
24440 161.6850181650397 11.674657722098573 8.636214912061174 0.39682576307885664 33.52107620239258
25240 186.47503696543643 -36.14165323588869 5.550482287439332 0.22059769926512884 35.77335739135742
27832 136.34891082164935 3.487444807144723 6.614545082427473 0.5640903480837302 5.6084699630737305
23820 128.2368443330671 23.063210020947512 2.345529616398561 0.1679166668685338 15.473371505737305
24733 157.47032402029993 -35.63771733851075 5.108426055486968 0.24423085213413373 22.141937255859375
24798 174.78400470751967 -13.864282611100624 1.182885783434723 0.06663196790848637 21.550987243652344
26444 178.40321293000244 49.600198228879236 5.205159533508827 0.2991080413351452 8.112722396850586
29320 169.58072571127238 0.5031368807081174 6.29221160330343 0.5298136423564389 5.8898186683654785
26337 161.55456335620934 27.94578959294753 8.58434034149558 0.6425645492506826 10.399360656738281
28881 260.80941571226526 65.79630684308714 3.151712161842541 0.06440658633037787 90.97100830078125
23377 45.46168927923848 -16.59476352938372 0.2900535551514761 0.04936528085550712 89.587158203125
23377 45.460074193409824 -16.593215538886426 0.3524300102216202 0.0236583379323447 440.323974609375
24307 68.80738052470826 20.133456595284063 0.0820308847121708 0.03468517816336284 132.10743713378906
24309 68.80755440267386 20.133397351816626 0.10125367854609 0.09594425448434302 22.827821731567383
24310 68.80749754599914 20.133456027689082 0.07188488557360265 0.09071877332367076 15.62531566619873
24914 68.74238171675539 20.08471430596115 4.617863288088888 0.18934137508762316 20.33892059326172
26447 66.16208656520443 -6.831184509580969 2.582969247805188 0.08891675652531639 30.398488998413086
24280 285.0334113018252 -24.929257110222984 0.6156457339560243 0.11300059846535822 16.973024368286133
27069 82.78518109188259 -69.15625365253314 13.30291448927963 1.0520224926279043 21.5441837310791
27070 82.78459826967172 -69.15648361110324 13.52119374358576 0.6526380856620964 33.89562225341797
27072 82.66328792361139 -67.18290831957418 1.837861758492663 0.1528493851430211 9.570874214172363
26643 50.04501541830695 8.748766257054832 0.1679109178432992 0.06296451157855754 56.590816497802734
24458 237.5198578230303 -78.2196638103692 2.127142523397758 0.10401731241581359 31.746671676635742
24261 62.89032290539179 -9.124655039008914 1.286050105003279 0.022448376865816633 335.281494140625
25966 3.4645771072535183 -30.416826383559485 6.587974784791255 0.27351570495085703 42.38924789428711
25452 333.81843998306834 37.12187587461484 11.50181902042688 1.3016467398460427 9.789971351623535
27162 34.89394674182021 -5.14915522439068 10.1038948464532 1.119124271919838 3.737931251525879
28373 332.92369542407926 8.339062792478988 5.20969544568885 0.3918837066099238 7.4681220054626465
27409 336.8874750279704 0.41867303444964776 4.204428484096395 0.38484531932267724 7.6416096687316895
27821 314.2834974404852 22.472060357912863 2.928875367422917 0.14288857838669156 12.149114608764648
27970 297.3021206051354 -10.61051158745641 2.549873637550113 0.1712087541571131 4.2000732421875
27970 297.30230119317474 -10.610126090353214 2.531601957667637 0.14847154537580806 11.968327522277832
27970 297.3147332757167 -10.48049340901987 5.62110475564962 0.4064413462002935 7.562683582305908
27970 297.30271131425195 -10.662614753157882 5.602534057664933 0.6459221517762862 8.259513854980469
29040 38.03644683698884 -21.290346696194145 5.482564431267811 0.28199928111139033 22.695743560791016
24508 308.1870516884749 -40.683028059118584 9.850932256072795 0.8536982721234189 9.309959411621094
24329 305.5841623571134 -55.567086221244395 6.98563785344794 0.7899458454727676 6.261404991149902
27462 5.046432605238026 1.5514924564810282 9.788935625716105 0.47794769563069855 31.23647117614746
4418 132.72566814533909 18.52129341059005 4.4305628142055 0.22903326626492068 16.58043098449707
4418 132.8626492663254 18.78715689952671 14.56998687456341 0.883996200465891 22.91600799560547
8218 257.4887742745794 -22.20374881804638 3.4741489686948 0.1617442024129219 21.501516342163086
12317 191.87037833039932 -2.2349201362196243 4.538279637158758 0.05910984266210722 97.55547332763672
635 246.91221778940647 -24.672350038225943 7.551974146940368 0.15832031317536296 85.25835418701172
635 246.86674810941201 -24.65933077846842 5.587595551524657 0.017584904076087638 1074.9595947265625
635 246.86033020859165 -24.656433189624366 5.294634774971216 0.08134270131302454 76.81267547607422
635 246.81440886642326 -24.444509008669254 7.789956307755419 0.12238526567296847 134.460693359375
635 246.5935411772677 -24.381389778187213 17.16034451805078 0.24452987500549184 139.50697326660156
635 246.7389225643041 -24.594092229970094 4.898983437986688 0.23150542686222664 9.515366554260254
635 246.79882236306955 -24.64227557228557 4.359843716394651 0.08843831499898593 60.571510314941406
635 246.76892016495114 -24.454254363542 7.825277426351826 0.3650419120202712 16.335063934326172
637 246.66861815713546 -24.45401915402044 4.144764902310921 0.10542355726308542 52.327518463134766
637 246.60018452904663 -24.413389468964983 3.001503653572425 0.01929227061330983 484.9203186035156
637 246.61434496666567 -24.40499334499369 2.079244965675024 0.10797012148359901 10.457764625549316
637 246.76900700639217 -24.45428679984923 7.755212574239395 0.06981823700641188 328.71099853515625
637 246.5982934612709 -24.411009805796702 3.022034210110381 0.03639763448896072 121.35321044921875
637 246.54304787493882 -24.34865257774296 6.162580441097408 0.21539678674873677 46.37179946899414
637 246.77485356448054 -24.438478406537044 7.603971749865671 0.3009502641313278 31.981027603149414
4470 223.6228962957159 16.102162403299605 0.559993789975044 0.03954151675628703 94.00068664550781
4514 151.71941523935112 -40.42661162224251 1.277639148915227 0.11769214077396208 14.449097633361816
7415 339.69546425177674 75.19248149449767 0.2340206827410945 0.01981347722530652 382.5488586425781
8588 339.5592654295553 75.20642951720865 2.025307561880644 0.07935077180189476 36.75914001464844
8588 339.5780362721653 75.19821984411121 1.62518464033819 0.02768785759308212 211.94505310058594
8588 339.6197775611162 75.24894995375662 3.398133235175436 0.11801457082676596 26.86690902709961
7425 313.8662114576988 77.58954973099665 5.38094652727766 0.1639197528046324 43.23536682128906
7439 296.1168204003397 50.58232209391655 4.635041326474016 0.26624732613107654 12.856217384338379
7439 296.2311745944258 50.68134886247895 9.360137862883505 0.7598363644735822 7.090366840362549
7446 245.91750399798724 -26.490603768894346 3.631624339253428 0.13670139304183332 24.02637481689453
7447 245.84548096546655 -26.37138563264151 10.78027275070663 0.07255128435884402 500.0251770019531
9841 175.00502802912297 -31.917418672849003 4.744574717512451 0.363050812299814 10.53874397277832
9923 193.92558423665074 38.355548401329195 4.479080668592424 0.33788743194529786 5.775545597076416
10995 224.15790044501944 -28.166017652117436 0.1826417600008964 0.02832378798159719 137.62893676757812
10996 133.39916420707863 -3.4928588519599475 0.005689131437689491 0.04518239519413942 49.675479888916016
10996 133.44083729106006 -3.4508220033559254 3.543961819022481 0.09372166445641608 60.43087387084961
11012 237.36079088979608 -26.118918896820464 6.816419110818998 0.3295021826366493 17.799226760864258
12331 245.6251065221226 -24.189842256728898 6.226839442367099 0.057732927749192545 365.355224609375
12331 245.59917406772794 -24.236028637373177 8.887143660626402 0.259506081102343 65.351318359375
14235 245.62520857956108 -24.189750553785185 6.230843070963575 0.16808359699468123 80.00275421142578
13624 238.4909830531295 -24.033249655714872 3.478146707263873 0.12921121992756537 37.35612106323242
13624 238.43303362010477 -24.105564416141473 8.226051027177517 0.36536652842465256 34.8949089050293
14421 173.0284329257205 -30.302061664338 2.831900196244622 0.05714028535576544 72.02710723876953
14593 89.10804262421891 46.17950331761875 4.27367057018309 0.08092952579243003 109.5499038696289
15720 189.30325900397847 -40.85129552218552 2.209514178375662 0.06976681919779792 38.4499626159668
15720 189.30802957014896 -41.03529735708751 13.08405713247793 0.6728580545845613 35.680198669433594
15724 229.85674754211777 -7.722518002868019 0.4583874287638498 0.04096576281160897 113.2994155883789
16666 286.76036654373075 40.23648236309624 3.992078333178958 0.22461652238681323 6.990019798278809
17249 246.6785314654053 -24.34186812214503 3.805527516470809 0.023802983137335827 552.2943115234375
17249 246.76256086805472 -24.437694132436043 6.307596841106472 0.32510981928218 19.812671661376953
17249 246.6271766985138 -24.382711987502585 1.852668944107992 0.07105601057165666 59.15084457397461
17249 246.57866047708194 -24.47237079366589 5.935028395933473 0.06523259545558743 235.8979949951172
17249 246.53179583980977 -24.461746775847974 7.608606724842561 0.17222119047419351 91.5736083984375
17249 246.6686621999425 -24.454228880669433 3.271441337274822 0.06200140324260261 94.13499450683594
17254 130.0173212974653 19.413915632255588 7.524082423051322 0.47970293086110993 20.838787078857422
17255 130.0171147366512 19.41379675542566 7.562179095318076 0.3698186221439048 23.214588165283203
17256 129.88230469378874 19.404797792188788 8.261887270657637 0.4982986560360617 18.58429527282715
17257 129.88199785779966 19.4047277834173 8.186870050142247 0.6198300615852463 17.35457420349121
18894 191.27490618226966 -44.50729018960125 1.828383571902492 0.08563607048454976 31.251888275146484
18900 188.73615489197357 -48.270915026604726 6.19399803898917 0.320569666981916 31.927265167236328
18901 182.0165197423863 -38.969643237196934 3.820273104805961 0.04189096246264751 255.68505859375
18928 33.71962885971864 89.21442505195623 4.770022349265849 0.26377808127277136 13.586315155029297
20163 247.57462552426423 -12.668623107909672 0.07606007162875467 0.04326715797216267 95.1097183227539
3778 259.2635078064635 43.15313241808781 1.650483120326706 0.10001493715566104 17.6904296875
5436 250.4264733510075 36.43048288094613 1.747545094768372 0.024573897749593766 225.1964111328125
7458 246.7784258922126 -25.96469478132438 4.945701634655764 0.2840239761720177 15.419992446899414
16687 122.938479421345 2.296045620458245 8.434655368115786 0.45382774023246597 24.98067855834961
13727 201.71886324400975 -47.46044054794149 1.406397540071052 0.09204028810336323 19.412437438964844
13734 256.3571175047999 -22.73912624935174 4.019624719385348 0.1968013690578505 12.812308311462402
15760 187.4863750305507 7.95777910762843 8.454847473244119 0.1312566782860845 121.62104797363281
17866 117.38608155953948 13.266278599511594 3.89261780869348 0.08312397117619777 87.89521026611328
22372 183.9094801237559 36.322336336878095 0.1132541628585449 0.017474980344736983 381.6716613769531
23472 202.4723991958659 47.178477417705224 2.121509730114828 0.07718690588174662 52.749969482421875
23473 202.44238071494735 47.17836591106324 3.789275613497061 0.18949231174343514 15.362924575805664
23474 202.44263408278374 47.17803718164988 3.99892642362802 0.25087176006874473 3.818098545074463
23476 202.4723586019302 47.17869418078824 3.90695484134567 0.22231207963115326 13.081918716430664
23485 187.62640417582537 41.64835389250619 2.873667427388082 0.06453800801949422 59.399139404296875
768 176.3508885800883 47.49309821870556 6.537624933374558 0.2883891823098569 39.30882263183594
1047 256.0952872331982 51.79303094295753 2.222757008624431 0.03607269350479016 107.63738250732422
1047 255.86135305792317 51.95719984555613 12.72313889880843 0.5854349592443989 31.549409866333008
2790 197.04891983062814 21.496017336459317 8.571864384068986 0.755417291914308 8.065977096557617
2791 241.43839932473546 32.90140282476837 7.114301824065778 0.2570086720152955 50.372802734375
4394 225.7757346679547 -41.9916289779785 2.031869400338888 0.04164231527456093 87.34571075439453
4629 114.28828102977799 65.59564486820945 1.354086748793072 0.04806417234430215 56.09611892700195
4630 114.14233379346594 65.64858006538797 4.885935383638153 0.10409645862953837 100.23136138916016
4631 308.3429033299831 60.23162172234501 15.26669757017533 0.34275128027974866 102.49011993408203
4632 308.5361293857223 60.17130010922634 8.662105549768409 0.7195340535443261 10.258545875549316
4632 308.7046787676085 60.20470351068234 6.220157404422483 0.3132546514254346 20.321155548095703
4633 308.8004130417549 60.02298520912206 5.396566704059379 0.12186328456843287 109.91078186035156
4633 308.9742623638022 60.07329271658929 5.532152041091205 0.5649761322858143 7.334957599639893
5589 245.9959518017478 -27.60078807699557 10.50606166967879 0.2352879729600772 89.70426177978516
5589 246.1713163024928 -27.363297476622538 10.70530725767102 0.16178903171071468 197.740478515625
6661 146.81975479388976 31.855723216925888 11.12269443341184 0.4670200186876807 55.02997970581055
7607 171.88603809117976 56.88492190784222 0.2206871458339324 0.12673615314387285 6.942936420440674
10875 187.04671478807748 44.11074048161843 0.2558550447799051 0.018331681798992805 182.7206268310547
10127 120.51749216308927 0.9864596403545897 10.68656573949978 0.3773142285012709 33.11894989013672
11105 225.90589068757313 -31.8470839303036 11.57737206547944 0.6174531715487611 23.724393844604492
11250 265.01038297059887 9.944509019560499 5.419728107521971 0.06039811565027945 177.33140563964844
12023 175.7011622024579 50.96890582372364 1.285445822859754 0.034133844669642206 107.96563720703125
12023 175.6189663923429 50.75816069705972 13.83171842486629 1.0309240193442346 15.612278938293457
12301 148.786765393384 68.95618697381816 3.954106349311388 0.17625130180136692 20.312955856323242
12301 149.05706603942852 68.956624826219 5.748235169742777 0.1989113091295288 42.99610137939453
13262 132.87045085055018 52.12137351838844 6.183790164998966 0.2162598102457688 48.110347747802734
13435 308.70325142015173 60.09866227078183 1.259322368961446 0.04659431647603623 49.12178039550781
13435 308.7178266171908 60.153375591589594 2.566425821525585 0.03913022068489821 194.31137084960938
13435 308.6519479080961 60.158548620270395 3.780986801951773 0.09380129885558239 73.86377716064453
13435 308.7403888553812 60.163599341500245 3.121476920264718 0.09115982118520956 55.362098693847656
13435 308.75290156266993 60.191917886629696 4.843464531984186 0.04867498569075136 408.8758850097656
13435 309.0603622614992 60.125530842437804 9.720218007761598 0.5878371654749448 25.73931312561035
13737 225.35194050521673 -41.83198532604862 10.18502770952949 0.6700024316244716 8.49574089050293
13781 145.72216460759336 9.495139225965739 0.1173561813142131 0.015136202654321845 428.2041015625
13791 196.17724763344634 -49.58037968199727 5.670267997082539 0.0935236991425758 129.50718688964844
13791 196.4199307719115 -49.434251911496276 7.341252598221642 0.31134996660054737 30.158973693847656
14828 299.35639021093607 50.57316977880437 2.358894185734787 0.04872071991811767 97.9041976928711
15869 145.64203176966708 9.377533539687454 8.739064638019459 0.2983019205823993 50.64773178100586
16580 149.03367777485462 69.69440368173639 2.373663816762702 0.04363369015684483 55.84620666503906
16601 173.13979400149248 27.66554685833818 1.635589211084841 0.022897523272030373 274.71954345703125
17550 185.46616220130204 4.4676419669066165 1.49005971820769 0.07550575828320748 29.755876541137695
17550 185.3950806872043 4.387750994267021 7.581405524834489 0.35631470328341625 35.58177947998047
19029 212.0961279526103 52.29872850770128 7.287203359109094 0.4536205244575948 14.098366737365723
19037 162.1808006563458 23.664832747582093 0.1114433065615694 0.03189604671695562 151.78395080566406
19304 210.77901302533124 54.06038693350953 11.02480916156832 0.9251997989987765 8.814929008483887
20998 202.4475888866251 47.161122447637034 2.95168933500376 0.1411506215682939 14.692543029785156
20999 187.6464692338597 41.6464078002991 1.303594914804607 0.06478444393425405 38.27906799316406
1520 154.55016504839628 41.40587606323678 2.805929851864734 0.04662169248728388 95.26873779296875
1520 154.33735870174115 41.52402919123928 9.65996625368696 0.3100019086003655 70.6531753540039
1520 154.7163565472588 41.2535859460423 14.50192818705389 0.9558085677834453 17.644670486450195
1520 154.8401871605194 41.34584037342839 15.37123415253259 1.0557541629675409 18.668188095092773
321 187.39535734241994 8.159434595585118 10.06319797372086 0.30243821290977085 49.379085540771484
782 67.70054452798044 64.84738131633362 1.255696225567594 0.013803253472076565 271.81329345703125
782 67.83772094825066 64.84154235953292 2.917828805557602 0.12135755825502809 15.828291893005371
782 67.7025472593159 64.84960642063906 1.346211299186986 0.01999400946480004 138.7440948486328
803 186.3815785116022 13.066452477077807 13.28549539483398 0.23062897899287807 107.89669036865234
805 143.49730205207655 55.26406117713659 1.214199041273778 0.021138047305489637 184.91380310058594
805 142.94319101711338 55.19166032629389 18.89108605382887 0.5613326153454424 18.0413761138916
962 201.28112729971804 -43.06936601859383 5.384891896035262 0.03877597964850024 364.0096740722656
1587 161.94991084004016 12.579324386510152 1.594325101900225 0.09290022278111444 22.163742065429688
1587 161.94562943744182 12.577396839117839 1.827215203407481 0.043237002573934355 64.6744613647461
2020 140.77673081045586 -23.022898463018098 10.61761526231877 0.9983172901740162 11.70694637298584
2025 167.86794009301224 55.672527887945414 2.408370914030117 0.09718248253236364 19.887924194335938
2030 183.90523494278148 36.37201766014738 2.907961059619095 0.15220135953382746 13.104869842529297
2030 183.9093333000164 36.32250243377605 1.926639038907505 0.02165233908078734 306.8906555175781
2918 170.0438139671636 13.659692093171897 8.132896194976858 0.2955144427441111 52.85725402832031
2940 223.41642031680468 3.5717426013555778 4.506369666285878 0.10584141963704292 64.66516876220703
2941 195.3415993364854 27.83795735540841 3.269501717558359 0.0916554254883783 15.355380058288574
3926 190.7145192185641 2.6434420094337283 4.752641583297818 0.18326397891507923 24.015953063964844
3950 189.06081689426514 26.014716026040738 1.513345317192463 0.02536129296082777 173.75453186035156
4688 187.44161730116204 13.436038869301727 0.9055923476836166 0.08914006623977416 12.076837539672852
4688 187.5777384948357 13.448858893697142 7.075445293676302 0.22672938734904535 51.97736740112305
4688 187.49773861075553 13.518240399486716 5.415405016758959 0.15575236304392506 57.06275939941406
4725 187.7017490047603 41.60123402474253 3.366820961190281 0.14679071902403262 21.595563888549805
4725 187.62625478972737 41.64812506671912 2.019625749392728 0.034568814327809345 108.31376647949219
4728 192.10196772380684 -5.766108907068979 3.705148757359674 0.05866407304217886 140.14334106445312
4732 210.900068867643 54.32355254894945 6.246087321360051 0.16469487695694762 49.7792854309082
4732 210.62459428585458 54.35522432771228 4.611885629035505 0.03466073831736588 542.8106689453125
4733 211.05884754302832 54.43450616355954 12.77373837077939 0.30559550641872374 69.0607681274414
5322 210.89991841556554 54.32349787981536 6.147832368936966 0.19504000984988498 41.82636260986328
6114 210.80950675151803 54.30171415398854 1.29608960044437 0.075497093324436 19.84343147277832
6114 210.5931734583428 54.29969013415186 8.760317300100864 0.5663893962893126 11.97896957397461
6115 210.59295074375513 54.299806164306794 8.76255541848833 0.31618964233271823 41.53062438964844
6169 210.9000935778874 54.32357237172632 3.062952761828699 0.05921208076266148 84.25393676757812
6170 210.90008667153964 54.32360491615272 3.029396114373367 0.08229486134950438 46.405494689941406
6170 210.80965300357593 54.30179855799089 6.310218945490583 0.10544233960132333 127.84664154052734
4739 179.71716959725077 43.901624135249435 6.619338482748902 0.1734011536782693 50.79201126098633
5197 183.90936985365818 36.32251186465801 1.873420652425078 0.023098998054959616 292.1666259765625
5935 148.968688277191 69.05166638972811 2.086675534742737 0.059413465785868605 57.63875961303711
5935 148.84213502631493 69.08624367984645 1.802467686427399 0.04963849131731115 60.42613220214844
5935 148.95750110891674 69.09217301669476 2.717939437341789 0.04693682539856754 138.06045532226562
5938 148.84204891644256 69.08623042407345 1.880489027143069 0.06887535592010888 42.7368278503418
5940 148.92554959663045 69.06013444141801 1.022662068368586 0.07499839914176316 23.846281051635742
5944 148.92578799953884 69.06009443223603 0.9305701870419243 0.030282874448691884 112.18681335449219
5945 148.8955811424724 69.06173953844672 0.4112407703614835 0.048182309956597794 47.19392013549805
6096 140.85206917506412 51.111299700865246 14.39438893552284 1.0006238250264352 15.848093032836914
7069 56.61430962707143 68.06964363567636 4.286870498540711 0.06901744957773923 104.44119262695312
7080 184.79840955558012 29.20026681737885 12.11540350414988 0.19459518600961356 104.51766204833984
7153 205.16038387542372 -31.720791693123083 10.26215906394587 0.9905769018847493 4.46975564956665
8181 151.45329560334707 -29.77495068547184 13.63955412628848 1.1136552516765146 10.406304359436035
9533 189.93843412099602 -11.646983570415117 5.554059544307791 0.02867368555388176 489.5903625488281
9546 211.2511249551987 53.65705961254904 0.3510232177783414 0.07657115559063839 15.83505916595459
9548 170.0728807666797 12.971882783463144 1.275244482347003 0.03867481038766052 60.85281753540039
9548 169.9999915870794 12.991008546385189 3.600049166097972 0.1574607640711716 28.952049255371094
10530 85.8888174447518 69.32315440454865 3.701104778153229 0.07411542340557166 61.39620590209961
10542 149.25050213067678 69.57207114562992 9.856690658907942 0.1585289123309633 112.18182373046875
10542 149.03348179598012 69.69433272395617 1.48656700816244 0.023432060794892438 112.27864837646484
10543 149.03363101461227 69.69427988666688 2.447456031286285 0.02979060090853747 99.00018310546875
10544 149.03384567068898 69.69431015002532 3.44181593655236 0.049552955735056976 62.701229095458984
10545 149.03359063299393 69.69434598807943 2.587446868090603 0.03215746897566839 105.09069061279297
11800 148.87019697748872 69.7287064248585 6.051207310814027 0.5202992454188718 7.578289031982422
12951 225.31366365505602 1.7972846638533255 3.674619841783884 0.1857633784395902 16.626035690307617
12952 225.35126740310025 1.7152878673215626 4.113547644975906 0.22562543185235906 9.611879348754883
12952 225.45342423637953 1.7343884944643082 9.927552137151796 0.2057552987061052 80.1473388671875
12953 225.33860907729942 1.7712649618248877 3.498682993915041 0.14729140408089855 24.06338119506836
12953 225.3190069400762 1.692776034452401 3.46212890627009 0.04760413725827562 81.89012908935547
12953 225.21697460689722 1.9146786719898776 11.22849002256687 0.44289143610931575 39.23512649536133
13255 225.31896149132874 1.6928577329546872 3.541959090394117 0.04520319413257154 65.89093017578125
13255 225.34153961286927 1.733724328366309 3.287718843802008 0.055567873871409025 106.025390625
13255 225.21688551378904 1.9149347230941225 11.16187706579159 0.3259710115654903 41.245452880859375
12978 187.43750314362396 7.877310595067378 1.416843500934763 0.08642790587292716 20.87494468688965
12992 204.25676364668485 -29.85798786768701 2.434755522139449 0.027650768697412516 124.33600616455078
12993 204.25678136580058 -29.85793457449421 1.484907679754533 0.04595244915461907 41.099273681640625
12994 204.40303606433952 -29.805265473995984 6.675435079074798 0.15202562301719003 60.94966125488281
12995 204.25681349875035 -29.857809624742984 1.44570091613265 0.02513234119515391 106.4969711303711
13202 204.19090914845327 -29.830589664397138 3.822626484949254 0.1851827077294471 11.001904487609863
13202 204.25618647165427 -29.89067462294262 3.384483428743372 0.029273769382921845 210.6650390625
13202 204.24431025417002 -29.879545145475937 2.883099105129496 0.026323051325966434 197.6815948486328
13202 204.25371331945402 -29.865511992982483 1.927791832776854 0.022282466832967796 209.82363891601562
13202 204.24775185226184 -29.833065913786047 0.8616354179189697 0.01272068880115373 426.8467712402344
14342 204.25617891396703 -29.89078536451564 3.171523624255313 0.03297764464145354 182.1595458984375
13015 121.67640097252512 19.969735332308716 10.21642051632339 0.41953212493087827 46.04828643798828
13810 84.79551917071285 77.3193622354531 3.227484302359854 0.05317855987858994 85.07023620605469
13812 202.44213962528724 47.178456250271985 2.33488614301698 0.01897483354287128 323.5163879394531
13813 202.44220947124563 47.17843997828299 2.361460574601052 0.02039934090027542 252.84051513671875
13813 202.46124664736448 47.198695614898874 1.962059526884567 0.017504143376737266 217.44158935546875
13814 202.44226084434757 47.178419787084515 2.660455633416397 0.027601785280353886 164.49539184570312
13814 202.41666526366726 47.21026094683014 4.122419269674158 0.0350563230367367 251.93121337890625
13814 202.43061321437526 47.19302268782503 3.229065680825729 0.024453629255052428 276.7882080078125
13814 202.51804244499994 47.2224565077367 2.582838841281595 0.019676885511017945 270.2528381347656
13814 202.48998631058592 47.180185906445224 0.7124354899443949 0.01666221863576957 249.6693115234375
13814 202.46975642828104 47.195319444178324 1.790557616170269 0.021448942018149893 259.3692626953125
13814 202.4739715420698 47.243280487349054 4.033802440846567 0.026879148457844185 361.8397521972656
13815 202.43049778359074 47.19304040149377 3.250570012974132 0.04444503589362041 133.271728515625
13816 202.5187368221136 47.16374175636814 1.092774767893339 0.07447231551669138 29.159337997436523
13816 202.46402677528616 47.175713167456784 1.805251782255135 0.037342622117985204 88.66056060791016
13816 202.46965925698652 47.19527756561369 1.793125863547717 0.03275643638053732 169.4096221923828
13816 202.4166023361533 47.21027409825081 4.127348455629348 0.049698584697464195 181.0376739501953
15553 202.51870805330043 47.163741484185344 1.142758503919099 0.11983795643476851 10.793578147888184
14906 116.7033782800567 39.033818944103245 1.540633847080694 0.09347565413865526 14.099038124084473
14911 245.3148826083849 15.29177777268223 9.375070950786462 1.0352122179534804 8.60551929473877
15387 160.80180709816383 24.910631942280794 5.663797924583002 0.19029344258289527 21.433822631835938
16024 204.24157004869164 -29.859934831193375 0.5001457631503877 0.03879246667680281 75.5737533569336
16024 204.12104742068846 -29.856335769725177 6.433391735765245 0.215881980603188 58.39412307739258
17487 214.09449718406796 52.32143025803656 9.477709443709571 0.35109642331658797 49.172119140625
16260 187.43693041599133 7.8774329585816725 3.501528282760825 0.11337211131648361 33.06897735595703
16302 209.2309137570113 -32.609685308595836 4.257011636879898 0.047494829433660665 266.9073181152344
19991 148.8514042622947 69.16603494694691 7.321852380399015 0.11640935141909152 146.9146728515625
18817 148.88721464460727 69.0094347415264 8.140014040202113 0.06475641908092035 328.2465515136719
18817 149.47223088988818 69.06332469912995 14.61056790761501 0.11447283236681943 264.82879638671875
19333 149.11732467373605 28.856600828856692 4.323906321911604 0.13719317004696108 52.751651763916016
19439 236.4555715428686 9.029346236631623 3.952241444151617 0.19496032076307637 19.236007690429688
21383 111.70249333201733 85.76353299579593 1.417727511886509 0.05559418455541942 62.07311248779297
22478 56.41675147044991 68.05264146878521 6.973184792808061 0.23569343447069513 52.08906173706055
22482 56.61407838261979 68.06966386004576 5.069305905413263 0.1321958029573776 55.88472366333008
22498 214.00782192786144 14.702983928653607 10.73073728135586 0.8819840712599862 14.652850151062012
348 182.59332762744197 39.38803288515698 2.075915632051926 0.03973002357779361 113.50624084472656
348 182.63526632037699 39.405677694185876 0.5871914191970914 0.02076500476562528 418.34228515625
348 182.63624563960565 39.406159736109764 0.605285330121109 0.025131232539504507 343.7082824707031
348 182.6107852187655 39.48577862077819 4.479129806767653 0.014472651731207058 1590.9793701171875
350 184.68284280887778 47.29214728824648 1.876803086216302 0.05737555965458358 53.092811584472656
354 202.4144170415715 47.212143614510424 2.092054563537349 0.03845763016314956 109.95843505859375
354 202.29328491225422 47.37044278413418 12.58293674619799 1.1132984983994438 14.534722328186035
363 169.66897538643542 7.889919824662029 10.22412467663747 0.7071051840170025 23.436080932617188
830 280.2397805988874 79.93174389751506 7.919699317165708 0.37546929413834107 33.53349304199219
1593 196.96994009514256 6.67938331392468 0.7468731043266352 0.04079465320899133 48.89484405517578
1622 202.5178938126774 47.222474723880296 3.093982134113837 0.10384129366442084 37.879974365234375
2194 315.8045171480411 76.61342014142292 5.277373318412097 0.41313167906363224 9.584153175354004
3009 3.6592046544339913 79.22682930123182 5.794228762004968 0.5236456053478991 10.084880828857422
3013 170.78498744499214 1.6453991785099755 3.553632798346576 0.19139538950024002 11.38365650177002
3013 170.80708167647091 1.4541458737527342 11.11089022546044 0.15133659209034708 149.0100860595703
3040 180.43185852926192 -18.816005636237687 4.298494059803094 0.04944276086431873 245.457763671875
3042 180.47291356389897 -18.88622873831942 0.331342582460334 0.037364267527000755 130.47137451171875
3042 180.48188120780688 -18.870723951356002 1.137276853761428 0.02216170419188532 122.8474349975586
3042 180.48511344676115 -18.865950051013883 1.470812744395779 0.021841745679904403 162.46823120117188
3042 180.46702280915494 -18.85921281388403 1.487160255461079 0.015528183398713265 308.36981201171875
3043 180.4583460770313 -18.83161986456882 3.349013957685508 0.06472400701881416 77.69713592529297
3044 180.431843092027 -18.815915193704594 4.417031775880861 0.05195443701519858 254.77191162109375
3718 180.52400089262767 -18.87115298622464 3.363578500231584 0.09345925246093349 33.99220275878906
3130 216.4463633020848 35.665163615492865 4.23125395136365 0.0807324833889455 72.92823791503906
3482 216.4463230240096 35.66523287981392 4.508939514929232 0.059283761057501855 122.75537109375
3956 146.48588589041086 -14.405112416451535 4.121120238175615 0.1890326780437892 25.248308181762695
3966 196.45685222901633 3.89467024462177 6.316629807239106 0.1443993517618569 58.9893684387207
3988 228.74012806931268 36.80487523073589 2.80910228821376 0.05747403403687579 65.76225280761719
4871 174.7441930662675 -1.961539353003486 4.30712213966781 0.11203991854205965 66.03529357910156
4875 121.02436698950972 5.11387791259043 0.5167263103693995 0.015062000150393653 700.8706665039062
4875 121.02468538125632 5.1761998437451044 4.19303937850838 0.14392324554416694 47.736209869384766
4908 154.07795581873165 -33.563833236598676 0.5231298899574993 0.022127828516384104 444.5310363769531
5618 247.5509111624042 40.2178743978558 4.089016653557875 0.10466029445308069 56.04376983642578
5627 130.43305667116448 13.065696140239483 8.136519086759066 0.20793371605807634 52.60893630981445
6227 172.45851200387148 58.53196764852176 10.74961142117615 1.2733451460127325 11.847280502319336
6227 172.1401494104884 58.56301684557059 0.6700363556031921 0.08483624862577903 26.10154914855957
6227 172.12782448836447 58.563194052565706 0.4119356406685075 0.07643996902765428 33.36488723754883
6858 229.5004401252426 42.64060015471245 6.291243551058178 0.6002384236356183 8.273454666137695
6859 242.97912206492077 52.460813441438475 2.035698148862481 0.06781944533708842 38.074867248535156
6880 210.29097491049356 2.7274681590651735 7.544988000257385 0.23966064193882183 40.842193603515625
7797 201.34315362098764 -42.95473101758772 5.402612313530602 0.11685192830690032 49.256351470947266
7799 201.4698548032277 -43.096250224795504 5.694203215011409 0.24110782829403782 21.890918731689453
7800 201.46990022575673 -43.096156911635944 7.473913865773431 0.49054751197920865 13.817695617675781
8490 201.24334997451078 -43.04058362089512 3.782233480541346 0.18944898660358345 9.574898719787598
8490 201.3683883107355 -43.05413236743429 1.794239489811724 0.05679751466124274 38.90427017211914
8490 201.46973603192865 -43.09606289711567 6.714482225534784 0.2366094798053941 25.823556900024414
8490 201.36433878484954 -43.03711977897754 1.925318396212414 0.02902827592402488 75.16577911376953
8490 201.4437514172914 -43.1606218936261 8.152011791795312 0.2369697493048672 48.01696014404297
7808 155.18283361078682 8.239491629813106 10.76110673282563 0.25986009730901577 110.04800415039062
7885 203.47064199689277 47.990657341130905 10.16318241876075 0.5844885671667533 27.155860900878906
8255 122.7753638671036 48.21308716921319 4.209283658615319 0.15569009742507178 28.257558822631836
9181 172.82666204336593 -12.611839288785625 9.315530812672023 0.46937453038488225 23.30449867248535
10303 103.95847221488188 54.417766659028544 16.8178635688319 0.7164329159576133 15.741864204406738
10304 241.56578627512081 0.03823815546617102 1.913484133926581 0.061243911158333754 37.15324783325195
10326 141.61413096863834 2.5061552091865322 6.924986437493255 0.3883538775383001 29.817123413085938
10326 141.6829046908188 2.5554750729572833 3.29375934058536 0.12723920335834984 41.30769729614258
10332 223.81916536863295 51.838273278311746 5.792048016393643 0.5002933624735075 8.997278213500977
10348 237.20298936538845 -4.907877638411978 5.496912922181881 0.4204999256834917 5.716261386871338
10389 177.20977363396253 59.41561647734785 0.1354641940644454 0.042310675238538056 117.81278991699219
10727 148.0135152754693 21.772390882050555 3.374539402609399 0.09374522321681361 47.83609390258789
11390 201.86078308010119 -42.61085105533608 3.769425339289945 0.18073727637334572 12.667719841003418
11433 240.26298624940452 55.45334880954358 2.170142883426561 0.02370343288508244 298.322998046875
11501 122.26801767599507 -10.580872992424775 7.530599341380758 0.8519258208570272 7.9577956199646
11555 166.71718578426157 -18.242760881350286 8.170772632560036 1.0909672853343964 6.849726676940918
11562 141.23261712162235 2.3231324932954043 0.1012023507683159 0.07936922285114713 24.186500549316406
11562 141.25198638742393 2.372796159320469 3.201428461606265 0.06695201467089894 88.29325103759766
11562 141.3244419900109 2.4620527191428683 9.969777335311562 0.41677679443839316 37.9141731262207
11563 141.19784945459995 2.383094831589855 4.05500992037907 0.09291359642257228 69.33512115478516
11570 246.93477612380997 45.40764245246576 9.804457915808982 0.3017793748316262 67.16260528564453
12107 247.6347312710626 45.720694468327736 8.845979212868006 0.4589090794359337 29.644248962402344
12107 247.52876213826397 45.441190717357856 9.189696070650147 0.6991974111163166 18.580121994018555
11573 262.93256760466255 66.64898324678187 0.1103968664744404 0.03587717964180772 98.86597442626953
11573 263.25355064262857 66.61479977926919 7.798983444867861 0.39173372123428973 31.15247344970703
11670 180.10412179532463 -1.008374459797028 5.418824003440807 0.2726981216407375 30.61993408203125
11674 199.3646861911443 -16.79775621922759 11.87240537205452 0.5630105503642543 39.97429656982422
12753 143.74161796446805 17.10397233805424 4.110895065916529 0.11159930331042422 58.03733825683594
12754 227.6517871503932 67.20328458092985 8.486006859909597 0.43421534777020654 25.729814529418945
13134 218.10829786715337 34.091973861654274 7.754267849576121 0.4510083572326734 16.96730613708496
13877 232.8189460065734 35.60907406145856 3.48638223209975 0.1373530596677546 23.440649032592773
13926 286.67889932182135 72.49795871273889 12.25806911795582 0.5102039170496562 26.755199432373047
13956 133.35602862146138 50.546388100864114 10.3062363636652 1.2068365854642267 7.702604293823242
14506 166.62282505147954 -18.367100558516995 1.199217181819611 0.04825662225517823 64.73910522460938
14970 134.62425427014608 18.385846216686733 1.850283229999714 0.03886057651878294 109.08683776855469
16600 193.47653832089543 27.663970380274925 4.475653179679613 0.04311710041403199 277.1857604980469
15063 258.98725531096744 -10.363157744238341 9.749551632726346 1.0894485882035003 8.311249732971191
15067 144.1207004561636 48.282684123678735 11.81217933585314 0.5889374145550218 25.6716251373291
15067 143.961100964339 48.49202188673089 7.9000211365854 0.23553424290816072 73.38273620605469
15070 146.71924596508165 2.9139776307078953 11.48644347346717 1.2111688575356108 13.706130981445312
15072 195.55387337471714 -15.531751789032858 14.0330975463437 1.5160123237046854 10.113962173461914
15077 172.14048542439352 58.56318277496031 0.1260506368613964 0.04928737066604551 142.18984985351562
16034 151.85869739499893 12.81566302338009 0.3110871808938878 0.014596416381691716 509.2833557128906
16071 211.75167945676935 28.454078036359906 1.016311621270697 0.022609168024767895 271.4136962890625
16071 211.55937822625296 28.394655763940413 10.36832112358963 0.36914138635629823 44.447242736816406
16082 144.9134828614658 83.08794294393974 9.99093147978577 0.6509730123841743 21.20128059387207
16093 233.73480744808168 23.468395083131767 2.197180864536183 0.16527628384004028 9.558987617492676
17036 132.85745126783192 39.59485521889471 0.3126451620615748 0.0680145959385966 34.91234588623047
17066 200.80003434688223 -0.2983273764449403 5.10226724176173 0.30893619422891816 26.85547637939453
17607 251.03905154492918 57.709369214896846 9.286349028960482 0.321348166164573 49.70157241821289
17130 143.1664904786548 79.1082208855306 0.3184113705229595 0.013816546802771015 561.2477416992188
17130 143.60124751170594 79.04472774785745 6.049585918949445 0.17060562876689872 57.296085357666016
17131 143.1672248808177 79.10831023200679 0.6441346321655114 0.013129052589047232 586.1048583984375
18747 143.16687031882793 79.10822751767456 0.3572793693893813 0.012093188068036588 642.2264404296875
18747 142.99503665047638 79.18934295772625 5.293609554204217 0.12508840773302637 77.78250122070312
17150 213.36347996176437 -0.24317494220800906 7.923731504971115 0.24082819381632894 53.04680252075195
18177 206.1981942445808 55.78236415362171 6.376570944809432 0.14683798113604293 94.11747741699219
18177 206.30043918950824 55.799909868485635 6.88672764666237 0.14241438187804267 114.85372924804688
19515 150.50756942554315 45.31461147692064 9.997581666847681 0.5989838632982732 21.903085708618164
20794 201.35310787559388 -43.0473036054726 1.89012259234764 0.03382624019957323 82.29515075683594
20794 201.23400769693106 -43.04999046162684 6.060690995219363 0.2654194082536676 15.759751319885254
20794 201.41881511522328 -43.0208829058858 2.39034338361573 0.041626633737529714 67.92098236083984
20794 201.36420739803916 -43.037308964095445 1.222207867241433 0.020159404860076068 120.8966064453125
21047 162.15128502042435 -25.161294090963526 2.999073936293094 0.13926728977083727 16.065271377563477
21402 342.3697767507704 71.49002078819234 5.020640395724952 0.4673760227767275 9.432130813598633
21424 115.80170836506706 44.843438574245624 10.03351055125047 0.8712135449865861 12.553956985473633
22928 175.16154283380843 -26.486118818034598 3.059100849230948 0.13864225426158894 7.283418655395508
22928 175.11612043595485 -26.44068747766526 6.565641898759409 0.14801949524163396 83.05762481689453
23186 175.20141736788068 -26.48572671488975 1.461362085201964 0.0581776672680474 69.67057037353516
22523 167.70153299930573 -13.458749787517105 4.253753218790385 0.08590386562219263 112.88695526123047
22558 289.5899791966488 49.60696220308787 4.243280609000192 0.14811883778299084 43.53049850463867
22559 289.7088380170397 49.60575706037781 1.66949071974723 0.09326936796176105 19.90523910522461
22587 117.03374118612899 11.913785579266335 4.746648991010603 0.1216942370400725 85.57905578613281
1711 187.26501004517715 2.0582478181341832 1.311758577243688 0.09349744753413779 28.55701446533203
1711 187.27507575520121 2.0493634922126875 1.562627782057598 0.01783487870471609 207.5671844482422
1711 187.1279050076576 1.696878557867945 24.43474062874042 1.7120805539272996 6.932859897613525
1712 187.27416653498366 2.0482628087706254 0.4284545728489698 0.030237304129947042 70.244384765625
1712 187.27452269622864 2.048683822554099 0.3989028170410587 0.0 72.84520721435547
1712 187.2751095513615 2.0493502557824606 0.3532024985146505 0.01728295326888617 198.31488037109375
1712 187.2754781244111 2.049781297860536 0.3249313347065685 0.01734194688266887 267.5350646972656
1712 187.2776829753072 2.0518611857597 0.2241320501082739 0.020398364334362526 273.7354736328125
1712 187.2784387335469 2.052120831751463 0.2360222542746926 0.02258653722033832 275.94439697265625
1712 187.27739453504697 2.0522371558611203 0.1962011696322733 0.0 202.23373413085938
1712 187.27743253316584 2.052879213990573 0.1636860035901206 0.023337230902024816 259.3702697753906
1712 187.2783186979396 2.052893619616187 0.1969039856137089 0.023883094774237536 284.27362060546875
1712 187.1551314987528 1.9556977042602437 9.38710301313995 0.20334527713297304 104.16960906982422
514 176.087204744508 19.743234814110966 3.739055070540166 0.06606457605794792 90.83426666259766
514 176.27091667884557 19.60634467714668 11.38002520147844 0.0929202178663535 295.4013366699219
514 176.14681135210841 19.858789590259224 5.996431417380743 0.18214267827218597 34.18265914916992
326 237.50393480331127 21.40678393409361 3.508022102078979 0.15832683176280465 12.742596626281738
326 237.27127350389654 21.555426401459254 12.46376591292121 0.7824901248570577 18.5606689453125
894 258.0285503721306 64.14214363841228 6.012638023391423 0.11821086089731148 66.54422760009766
898 175.22772778200286 -26.49110536732329 2.109758522880954 0.054029889086026066 29.803226470947266
900 230.4653878821838 7.780807089814344 2.041739805199698 0.05794123023324799 33.04140090942383
920 204.43960987103878 29.449655909454552 4.085226268949383 0.09464764548003604 70.67322540283203
926 152.67783258116816 -12.871572021180615 13.21678213707384 0.6696955084448084 20.288677215576172
2206 194.34302586713687 -17.424346652868007 5.213676155892808 0.3550951067979951 8.208087921142578
2207 234.99141858977956 66.23065992724318 5.084760677896753 0.2592833764152984 15.3465576171875
2227 137.69049839050024 54.339231613670314 0.999242287255665 0.10285518420997392 25.924474716186523
2452 137.36593305144777 54.35761393978345 10.43950316464178 0.87903580080485 12.51933765411377
2228 199.2384759393381 29.247318957366886 5.527383734329224 0.20672183643376002 37.585166931152344
2231 200.01020378624284 33.0681239692449 5.443959377657503 0.2167225341279072 34.94161605834961
3214 238.11093863445313 20.199880497244784 4.868652141868343 0.347787801683844 14.561261177062988
3241 244.99537571054302 29.389175929613113 7.377253658050764 0.5401348729136654 21.480506896972656
3241 245.08684514827164 29.459518848708615 2.572315709368187 0.07138798349836191 52.29502487182617
4197 115.29814913870283 74.24730440974102 2.453699837875202 0.031455311715228404 174.09738159179688
4199 109.10823293996742 47.13092292120017 4.072751539716783 0.17034688529794384 28.862590789794922
4207 239.82382024972716 65.09775297629007 6.689588449096342 0.5132433578842726 8.332148551940918
4210 162.4985659152461 -4.263224094326335 4.962633360709984 0.18843142733910304 25.225509643554688
4378 148.67444862528242 -20.370803040033113 0.8855011900917319 0.01738217628771707 441.3092041015625
4955 192.0120913074222 -41.336765616868306 9.64805508188813 0.33301470349771295 18.976787567138672
5310 192.17915504129056 -41.380173177038124 4.909045584337522 0.17202055186522042 24.727279663085938
4972 254.44286953364386 27.840541946234424 3.90861983609468 0.08564411211821936 46.287906646728516
4972 254.45181581508504 27.7998658075936 4.808385440916894 0.0715726316019868 130.69070434570312
4979 133.35739515171605 23.488657716148346 4.546052983119544 0.12580804257555417 59.44606399536133
5304 170.5483105811403 24.274925328643608 4.17207389627714 0.18062452633086729 31.655759811401367
4998 196.0870153323983 -30.429798559282677 8.643406376329839 1.034757354153745 6.578692436218262
5008 168.719640004583 53.258520439886645 3.055228303164446 0.0 13.473037719726562
5008 168.72031624769255 53.258640460156506 3.030150877441432 0.07500777379740994 62.229454040527344
5008 168.59354343053576 53.32020875295275 7.699918548349362 0.3784239432985412 35.51200866699219
5008 168.79702806367317 53.343623393653225 3.845972387958663 0.05335186393126495 83.62834167480469
5008 168.827390998071 53.24780370047453 2.189974464842014 0.06978692401760407 37.77764892578125
5008 168.765061706871 53.37464968349705 5.822595065815072 0.2515552989054005 29.435138702392578
5008 168.57153695389815 53.14983654492154 11.23772994171502 1.2915485739116663 10.982345581054688
4970 139.50594514913163 -11.769267700642724 18.53861428991062 0.7180331777972547 8.015085220336914
5757 180.82715950356967 57.80397789365128 6.251943067954435 0.14389510294250513 80.90300750732422
5759 148.89759649295846 41.200822025142585 3.960157184414991 0.158206652367866 10.100251197814941
5796 252.8430714353312 4.972160456248728 4.628228909022513 0.13939410437226504 33.64156723022461
6257 252.76283999315052 5.143157130774603 8.367602664327599 0.25312494969018345 36.30046463012695
5807 229.1188130296488 7.04492770442401 4.100849492759992 0.08477520470781887 28.12461280822754
5826 187.72897046363866 12.410725486852439 1.298127554702031 0.026058787575580084 36.16648864746094
6100 189.08823317064704 16.694541797913963 5.780720125005473 0.24222725744643903 30.4934024810791
6930 197.83601731983265 -1.3825925815106967 6.316050873022896 0.11939856567307064 33.837825775146484
6932 241.13862497260806 43.0608106552112 7.148499628751503 0.22750110225580475 31.03900718688965
6942 155.515809695247 38.555977464774706 2.298326130893723 0.10364596088210178 19.939956665039062
6943 177.0537889563112 55.75759009472991 6.52707191198759 0.3243543570586287 23.80171775817871
6945 172.79773116714125 36.623418870089836 14.26705768990318 0.35690872861273876 54.858543395996094
8500 130.24037910527073 32.61127570062148 11.20082990690247 1.1177856291733363 7.773149490356445
7936 124.83551401869562 20.63233713240395 4.650641425502613 0.17123105792404925 21.822797775268555
9397 129.77138235096615 19.757493551607556 8.785802103625851 0.5507456605259572 19.53200340270996
9397 129.66393384015723 19.694346284344093 8.653407925024505 0.6648687605459903 4.442590713500977
9774 116.06210303173263 37.94598465919332 2.506251929400343 0.04890057875099423 90.20996856689453
10415 129.42998551186298 15.045687438033493 3.77980351402296 0.2204446589682946 13.65988826751709
10456 218.28286641903173 34.63590970984492 6.089113629096384 0.15385077958805315 64.52965545654297
10461 219.66384391054498 34.22783550902546 5.516428711392384 0.37837659304951865 12.155092239379883
12003 219.5460533244511 34.24387985294459 1.07700079869408 0.04746901359675009 58.14133071899414
12003 219.40405647265715 34.1749886274443 8.049917190966852 0.2558472151778864 30.130126953125
10822 115.29849539054528 74.24718197646504 3.432047602680043 0.09511735376529717 34.68954849243164
10475 136.6648391109298 2.959591438809165 5.541670897138346 0.37772733293576405 10.080682754516602
10477 229.13217806741497 6.981447783353275 2.978442761593135 0.053730564615861516 64.77597045898438
10477 229.1855553934816 7.0876164676548985 4.465246508844753 0.05190709274151024 111.8922119140625
10478 229.15106946610297 7.162783498450125 8.708615396236452 0.5302611327449476 8.404101371765137
10743 137.36472126014002 -9.758115441810954 3.67339563717524 0.06408386760203606 46.40261459350586
11756 159.83922512999973 48.79985222022085 6.986752291808611 0.04693775361585693 478.21551513671875
11756 159.77164807505545 48.81404418197663 4.186100489304862 0.07303275201050508 85.31148529052734
11756 159.62496969230003 48.82373584437105 2.073853338640592 0.02369914082468904 269.8879699707031
11879 202.7604435180266 -1.8374731868190493 1.679503782620763 0.059926276820590256 91.53250122070312
11879 202.72198794796512 -1.9227160559087684 5.595494689955978 0.14335029418297343 38.01121520996094
12256 213.8023655178624 36.13683337353161 2.820709120768133 0.017836240627773566 730.1224365234375
12256 213.70655551700025 36.211143122301955 4.520064076766637 0.03706315477904998 321.2232666015625
12878 186.53132671230193 21.832633123195965 8.296634678663228 0.43832456186146646 12.033799171447754
12884 212.12046698241707 -27.057995046513206 12.96067926361244 0.4060499533637473 33.672420501708984
12889 187.43724032761634 7.877674834154741 9.27068774451212 0.33488621674634345 14.275151252746582
12903 148.1961912261654 51.84816788276552 2.902758310767246 0.02570858812116008 259.0745544433594
12903 148.16755204871814 51.88056391395299 1.113391903476059 0.010897186897483407 490.1064453125
12906 213.83131597176035 -0.505978731840487 3.251164853561527 0.02000843383991713 667.1987915039062
12906 213.78447056422777 -0.4303477016635966 3.664860678950715 0.06960142694029617 109.11558532714844
12906 213.73055486085136 -0.5899313148486374 6.603386923922177 0.2604732787826655 28.86753273010254
12913 139.1009423822297 30.038573478808814 9.100344213836642 0.32082552223958927 39.66543197631836
12246 238.94362340129106 66.19404652677056 8.668995278343653 0.6401641388379619 10.496910095214844
13020 239.062312136445 66.34652560021333 3.177450620722424 0.09739111234713801 64.0837173461914
15540 203.1964217159936 50.467280911707746 2.110679586503102 0.043381005039511686 116.58856964111328
14021 207.5050710206146 9.56944753398373 8.93932063878823 0.5622609882393382 20.144237518310547
14026 180.37277077310654 55.61254747458244 7.312274081391454 0.1621399885519639 89.66546630859375
15614 157.83111343368338 35.00489256581812 4.895925970247561 0.39248372959905375 6.734964370727539
15614 157.77047325721918 35.1146688614681 7.778852177881662 0.2177488597309873 69.47490692138672
15132 149.98114761597728 -30.219298164658284 4.989756067334954 0.3653441769668965 11.083366394042969
15136 175.64522402041018 58.55361345127222 3.98933082225741 0.19824588769297896 12.880171775817871
15136 175.4805439043094 58.38391095070012 7.492424545965578 0.5215759961070561 19.790863037109375
15191 137.4320294397845 51.52102772174015 3.030613692045814 0.033872137297634976 197.5013427734375
15316 130.50504407295261 -17.436396822177183 3.78191882069541 0.12230616807837832 15.729715347290039
15316 130.45648049463526 -17.492016104944526 2.904503987375983 0.0750538622844295 26.918596267700195
15381 126.726199639829 36.022725703429394 4.318200402551239 0.16907596722985024 15.86161994934082
15381 126.73406769923709 36.040403691852724 3.524502443163369 0.06705147990453605 55.67408752441406
16613 232.89505520875997 35.565495006962486 1.684044271440702 0.045850225099450956 78.9492416381836
16140 169.7806746223608 8.9458705564445 3.802414447499993 0.06595738050566244 92.7879409790039
16140 169.5671544728357 8.968642340822566 13.42178721383994 0.6140020483116331 27.644432067871094
16223 192.17922077180674 -41.26157541765245 4.513163926512489 0.05104656228792188 47.824859619140625
16224 192.1087956673571 -41.29901059012608 5.456579192736266 0.1262629964744187 34.01555252075195
16608 192.336879388491 -41.32126076342237 5.011418425636052 0.20836884867437883 13.519390106201172
17596 177.52388707175007 22.469525348349556 7.701211805577926 0.6961700177716216 8.202635765075684
16281 336.0050270154834 78.32127423180366 4.638827269832881 0.3049160985590843 8.038403511047363
16306 177.3911834668849 22.374397590519024 4.71295991052869 0.08253225009334123 82.78225708007812
17494 177.786523686364 -28.04372265700604 2.901286279543996 0.0773416236912463 48.97154235839844
17584 130.5001391557312 -17.50760011568496 0.665788926254071 0.0337976864280232 112.5068130493164
17654 198.68463791450665 -16.35185071524576 9.811408057464977 0.49421760893633315 19.835580825805664
17590 176.21981967851238 19.858645437606764 5.682260811578665 0.12805973023427247 48.05306625366211
17229 207.7421996011155 26.55531738033133 7.642866839281558 0.27848088804635807 58.03998565673828
17613 207.85200758377312 26.366849627020834 7.026107971458965 0.16712263646720993 93.60385131835938
17615 207.58437870410918 26.68391750580319 1.393005773891718 0.014979770290675844 749.2034912109375
17615 207.73544335364485 26.583090983167573 8.722331585930036 0.4577010495153194 26.89862060546875
17615 207.53711857084107 26.59893912497961 5.711162337269705 0.26226116118595433 6.774993419647217
17615 207.5859188180204 26.600122868996287 4.410553538340666 0.13662433143405234 45.14386749267578
17615 207.57501897819662 26.60749716878071 4.181125908054289 0.2271163131184878 9.899840354919434
17615 207.66406078608634 26.62097703936241 4.330713478220221 0.18097061271572532 16.42789077758789
17615 207.71557336950661 26.648242074113504 6.02493919393899 0.41386854124678363 10.587577819824219
17615 207.51895337384124 26.649375311700496 4.862071864792435 0.2882674303256838 13.59962272644043
17615 207.62468652582336 26.699890795760325 1.977509356508181 0.1439226009563509 6.522733211517334
17615 207.70307977729718 26.705186121556295 5.574651561862503 0.3361139831655396 12.40625286102295
17615 207.69269941373113 26.71064405532798 5.200361712397418 0.2746323356360658 17.874217987060547
17615 207.50298500643007 26.71285258129447 6.068781437802147 0.42304540493176507 12.169645309448242
17615 207.6287770324263 26.731696530563116 3.816898255968766 0.20484433962199305 12.26252269744873
17615 207.61485640001945 26.74965801749441 4.72088478353359 0.40809109511927694 10.60042667388916
17615 207.52049768881398 26.580941431938168 7.111512320300052 0.7330362584823292 6.090328216552734
17615 207.6604501935119 26.582907743359552 6.051468470229593 0.4372438075032471 14.871649742126465
17615 207.50984869268524 26.652322178423404 5.292606000523985 0.500709899308784 6.60373067855835
17615 207.48685516327353 26.74225640789402 7.683483461076957 0.7917767827508122 7.524718761444092
17615 207.58164031928172 26.776978948417817 6.47298819048593 0.5728090323132854 2.812655210494995
17484 179.95321688074546 -20.05215027289219 5.988315144577376 0.1781232976283613 72.71903228759766
18216 121.55111086012725 -0.927012629593938 9.234149930971268 0.23337254729187243 90.0790023803711
18218 205.8812908420042 42.02846269892281 6.438184655310486 0.46595552242312227 14.250511169433594
20051 194.57549220609377 28.421383995904677 9.537775441643069 0.45088042507938947 36.20199203491211
20051 194.50849902362754 28.45608826056057 10.60097483959904 0.7120854699907976 20.329879760742188
19962 113.0708504799255 31.61397878020469 3.233683162528183 0.04753372566469349 87.51899719238281
19962 112.90784227166478 31.662265583745008 7.801954425622636 0.28730920711047603 44.74099349975586
18297 186.58559819082726 -49.20327659016546 6.715550237368543 0.2316075647561338 44.62660217285156
19935 258.9799090211283 57.39075282897995 6.647966046745195 0.43432682836168823 13.03703784942627
19937 258.72944807239367 57.39738641305644 2.445863890030834 0.06456984994512131 60.8696403503418
19937 258.97268939510553 57.367274726802826 7.031763578166213 0.34624304218268337 25.91942596435547
19937 258.8426982050087 57.60732858769017 11.06538334120231 0.6353138240464764 26.15638542175293
19569 218.2053180407889 44.2227968878208 9.08171479975676 0.7803984985193818 8.229423522949219
19570 139.68209245082457 -12.439707548597536 2.94751283768829 0.10684938776943495 19.292543411254883
19571 139.52425770010842 -12.31940706405386 6.472956157343242 0.21798470981324952 50.1219596862793
19752 284.3056773022249 66.18039139167762 9.663658949521384 0.13766788060784332 79.90387725830078
22164 186.17396395421946 12.864018237980174 4.743069748876124 0.2507431025461873 21.76015281677246
21081 181.60849004804646 -8.72885454755094 8.430734821464624 0.32385758218868343 43.14960479736328
20560 239.14014171899024 66.38861747525182 5.231343321561575 0.2029167435934623 16.504291534423828
22264 238.63541015879414 66.25985966047037 8.673234452801028 0.6291361985659712 18.619123458862305
20570 178.31448847665098 9.61621056447568 7.436573032688444 0.3262028031153497 30.20769691467285
20952 250.2161887960045 46.68466538765278 5.3761844450753 0.044078990255873134 324.2694396972656
21563 128.6758828843719 45.48543410995103 5.141475727317518 0.26050467487579826 22.809730529785156
21711 185.92436232365833 49.07082053713308 6.996213972343033 0.22909726147470788 57.1185188293457
22932 147.4274025892569 76.36058309644208 9.068548932874249 0.21087257087384292 80.24080657958984
22650 144.92818129044298 40.84079236989762 4.618190198172492 0.1524023837412374 26.73818588256836
22651 209.927294001265 41.08993986689252 4.034129808483764 0.2439479730680406 10.239227294921875
23214 198.7695643023659 -28.073377160554628 5.407271380917891 0.17260747509388844 39.621952056884766
24311 124.4136504413134 -7.612863178576952 5.494745358234119 0.3313400604682631 14.66213321685791
6160 207.25893685600096 26.78401903602908 10.90991734029929 0.7618167005420247 24.223161697387695
6160 207.4133315471115 26.70384653387619 12.34497469135169 1.1764748727138699 13.734272956848145
12028 207.1824486299894 26.62180081912273 2.184001700459343 0.07192643026206513 22.710803985595703
15489 207.0680744837086 26.848360892415847 13.23194178055395 0.8672370188342189 24.571346282958984
19874 207.14561922123872 26.519383686911816 5.300036277361114 0.0427013309759267 267.822265625
19874 206.9401684766994 26.681404847999854 9.702617859445061 0.4964931551798457 29.999528884887695
21831 207.3471871384415 26.584446826043 5.859147728064056 0.42488448932424777 11.657370567321777
957 189.02061039091137 62.33740059446164 6.65092159319649 0.3193084078721738 21.472759246826172
957 188.91032866366476 62.27874263583159 7.082635361251381 0.10663149656431431 162.3703155517578
957 189.21700832891875 62.46878954206061 13.51820006543992 0.34089626913273197 54.325042724609375
2233 188.91031330784116 62.27871938778823 7.044297473886522 0.08934037841015241 159.919921875
2253 187.39931413054927 75.50512492153585 4.972159668015644 0.0741459516175021 195.3177947998047
2253 187.20521723600933 75.58803191050555 9.658013960579803 0.3389952514703777 41.20561981201172
3408 189.1668909944635 62.32828620722678 6.91870066069987 0.5853667050047325 4.749783515930176
4357 214.3997877062481 52.50826443337931 2.242687932143186 0.01898510777890256 455.0622253417969
5846 214.94313445236781 52.99515423692547 6.806518816771566 0.06538240254629925 255.24822998046875
6214 214.9433384660391 52.995126586909784 6.500167888998108 0.13889919715455137 101.03968048095703
6215 215.2185032759508 52.939579515005065 6.489561855055219 0.10915620995595879 145.1772918701172
6215 214.9432849935002 52.99518894848981 6.515380594805496 0.08402721904953642 165.38531494140625
6215 215.11469084460535 53.081787893751226 3.22113289747246 0.03995628680340541 137.2100372314453
5849 214.66794566812735 52.66652317187165 3.258194767366574 0.1362404768050698 21.036827087402344
5853 213.8912086547303 52.09945516727731 2.722876295470332 0.041860882317174435 126.0911636352539
7947 218.60851940999703 33.11621458548027 2.21216455915827 0.09167940909060386 23.901710510253906
8000 150.34252272198546 2.2263582083435094 7.166194536199452 0.3327742888124951 31.7813720703125
8552 150.4233083405005 2.133051241265482 0.7941466023938327 0.104208171524022 22.536474227905273
8007 149.9780206457616 2.285228938874699 4.364521060179618 0.12366519834922973 32.87712097167969
8021 149.75413147683287 2.141879205420779 4.241744614093674 0.19587294038955932 15.737241744995117
8022 150.37239260145242 1.6093399362123666 10.01867325645745 0.244918705078582 49.41136169433594
9759 255.3837385119292 64.28358150246719 7.175172043249228 0.634657950198395 8.440476417541504
8122 150.16807883564343 2.6156378619109137 6.564408262717881 0.34095230578353347 19.665767669677734
9721 215.11453355833706 53.081841627586286 5.22110157673195 0.1412718301996801 63.680912017822266
9843 214.94321509848072 52.99512560832479 4.266953389331342 0.09827316727798498 68.67935943603516
9875 215.0739590665335 53.10646420720893 6.395412253848615 0.2743643359251829 22.873544692993164
9456 214.9598459686411 52.74343671858296 6.843992055975204 0.43170182045602223 14.61906909942627
9735 214.61010790231427 52.543556190043304 4.905069407755588 0.38397873573951546 11.704999923706055
9740 214.51391527270613 52.69106329265711 4.216511200632954 0.11451698712535997 65.32810974121094
11779 192.91125048437246 -10.492443908764113 3.265405563711542 0.18751261405006786 11.097461700439453
11780 199.91356074776232 -12.789941916675968 8.235297157567633 1.032649889257519 7.756807327270508
12290 162.10339330669112 -25.113268837077346 3.039939256122807 0.1128157647463595 28.541078567504883
12291 186.42808929331537 12.692663875231188 2.215672431522832 0.03133064522483252 163.2341766357422
12926 268.52177236811764 66.71187432456233 3.571540345129571 0.18158748373147224 15.733735084533691
12927 268.8131025491545 66.6476913138113 8.637219262313122 0.5674366059986005 18.816741943359375
12928 268.450827049469 66.36787732928096 5.192756788870829 0.36704123312797504 8.73110580444336
15203 201.21817761486395 -39.30910900114092 2.765534010198795 0.06720901790051839 54.037620544433594
15211 149.9977986080273 2.7795509776133587 6.881241164577004 0.44091645369942584 13.221552848815918
15212 149.8386828672696 2.6751388444420963 5.594693507221649 0.11452543267965365 59.296287536621094
15214 149.8264104839223 2.717910597606008 6.0954080274666 0.22853012587002405 33.47157287597656
15220 149.56673174029135 1.812502480254071 3.577347664126897 0.11745828193000647 27.43344497680664
15229 150.5280538702945 1.9869255452321508 6.077468088201767 0.18390101533988346 56.60481643676758
15232 150.63906184148968 2.464371898752999 2.941287974766102 0.08595561249313952 37.4415168762207
15232 150.68311530014242 2.574651264765596 7.11154460551037 0.2191041845565446 51.98408889770508
15232 150.6337668916365 2.593732566110127 8.856760065110779 0.3524775136269243 29.60080909729004
15239 149.96782003514846 2.780649197705185 5.166429448174821 0.475128501916317 9.19897747039795
15239 149.86809176092618 2.793560775591134 7.88984796906009 0.767000676157279 11.131817817687988
15243 149.50438739077836 2.2136368201882446 6.231168046125765 0.26525212025706885 23.304180145263672
15246 149.7451320675799 1.62945343972663 3.355785733170528 0.06843963679140529 49.14622116088867
15247 149.94552975422835 1.5808876940632424 0.3747377485104271 0.0824005795059225 28.702062606811523
15258 149.50560599788975 2.7243547370439436 0.942809453874666 0.042609243167945024 74.40111541748047
16159 222.43642857858057 8.99050590463656 8.063620189899959 0.1503157282653297 103.62007904052734
16160 240.23500775597503 -0.5032478162110147 3.736880875986333 0.08319950319196784 66.76710510253906
18748 145.56160194286323 12.269884177537776 5.494344947578025 0.3256307930663383 11.658599853515625
19676 218.57588094231014 35.10825254315553 5.101294079366631 0.2625870777787304 16.989572525024414
17708 284.29392496516715 -20.864133526550333 7.309112764017213 0.6557864235657025 5.642044544219971
17709 284.3209219929565 -20.894212262091003 3.504523065869046 0.1538091368137833 17.87543487548828
17709 284.41511097091416 -20.914392503463084 5.880828330045139 0.3784861707614913 14.239683151245117
366 56.6480193226298 24.026501331649943 4.525318851606353 0.05353793447573578 260.5845031738281
366 56.788240388933595 24.05212435417556 5.059553470060454 0.1242577356648193 74.01718139648438
366 56.72483076917447 24.13253823722406 3.201514389949418 0.0937282286829535 28.771106719970703
1522 83.83414642007978 -5.478266897431931 5.34632468122906 0.1299410147607997 47.873600006103516
1522 83.83486186009638 -5.438113232474801 3.13416006112447 0.03870514051867294 120.53846740722656
1522 83.85147319549586 -5.433371637682958 3.527903494309334 0.09396264953261191 30.796802520751953
1522 83.83086659423655 -5.428359689450977 2.509372961640985 0.0477962237001011 65.61782836914062
1522 83.80086701809685 -5.415629652270926 1.444709738130435 0.13019713820172166 15.38604736328125
1522 83.82594784735869 -5.408388753976844 1.390518385020646 0.07991161888543147 18.97176170349121
1522 83.83263121648088 -5.372584404156393 1.87722407757281 0.03478648895072808 42.17493438720703
1522 83.84874888097382 -5.370142221055447 2.75378178723545 0.02332262575255631 286.3477478027344
1522 83.91297960814785 -5.3404720680433035 6.977906651417944 0.46560084472102226 14.01655101776123
1522 83.7990908610375 -5.30961314966048 5.026570358333896 0.283196365849336 11.725873947143555
1522 83.89011825124861 -5.4806895979524715 7.172230978284094 0.15697501240940626 73.0630874633789
1522 83.76647612359002 -5.469100925851719 5.224040005950457 0.2120354647924031 26.38333511352539
1522 83.92001534721662 -5.361493932297443 6.911412252292182 0.20981847093868475 51.06378936767578
1522 83.75672158962833 -5.402727710751014 3.160021133569874 0.17743331242110724 18.515384674072266
1522 83.7450602669807 -5.354891942531796 4.430528354754732 0.05415177526672584 162.6768341064453
1522 83.7663937349061 -5.4842402916023625 6.03761123356991 0.13289559048168162 63.93731689453125
1522 83.86008027748665 -5.416814764341692 3.390326716734109 0.08867752118567675 35.95669937133789
1522 83.80974515828647 -5.388106925454514 0.2911693241072481 0.03674072489627364 26.815608978271484
19 285.4693401999303 -36.949943652049235 1.687494013400095 0.09201432859420942 29.451278686523438
19 285.28604667214825 -36.95576800166483 7.799701551417606 0.0959187769269279 266.4136962890625
21 84.13707888171876 -6.739150028808378 2.202478070632525 0.031059080174290057 196.3343963623047
21 84.09982260733067 -6.756650142643116 0.4345886734547432 0.04097194359641244 53.396461486816406
606 55.99883529267423 32.23414790035548 8.704621976656798 0.11542150372402758 208.91798400878906
606 56.09069084732374 32.20852949972316 4.613753125320145 0.17753433195954343 16.20496368408203
606 56.16990146785567 32.21841321394414 5.274871522362118 0.31236033116268813 15.8548002243042
606 56.167130821934684 32.19280203732048 3.847941470786424 0.0364157467018232 300.3274841308594
642 52.31011362202864 31.376711849619827 3.449490226909139 0.19709656179825535 13.173249244689941
642 52.19837589474457 31.40163470433067 6.055612414651014 0.35270401164497023 13.923036575317383
642 52.2971007253074 31.288208711431988 2.51207997033554 0.05102837278039466 71.04480743408203
1867 167.42482022127018 -76.58290937121158 1.494894060873792 0.014459824663977676 661.2672729492188
1867 167.83364991155375 -76.64039927274673 5.708117017836156 0.31817528533052697 11.830354690551758
1872 86.80864624795527 0.004391478211081963 8.139595680628288 0.03561145206987988 797.1891479492188
1872 86.72408768535067 0.009462366274693391 3.880624438508506 0.10044667590691461 40.850135803222656
1872 86.76663087537924 0.18727074908897115 8.98347056202804 0.13782154510680653 127.54805755615234
1872 86.65440073487666 0.11159986108673693 3.544521186877321 0.1538456369222242 11.345468521118164
1872 86.65975549837181 0.09681349467575506 2.628495957629289 0.04213552031053288 85.0602035522461
1872 86.57748042422993 -0.005266014570258527 7.618596472009271 0.347869154520281 12.225790977478027
1872 86.69710855086959 0.06862050009545809 0.8177852592646677 0.036136398865000224 112.4292984008789
1878 85.40901062142616 -1.971643463097423 3.808144713135259 0.05068109764519267 135.4189453125
1878 85.39761804813114 -1.9377419752346319 3.062011237441689 0.04015059953795851 109.59251403808594
1878 85.41151082739474 -1.9340925325516451 2.207432486471375 0.03386907157164701 135.58059692382812
1878 85.447705450966 -1.9240613099292654 0.3037398870854205 0.018803427867787173 278.1632385253906
1878 85.42491868457398 -1.9067507337924265 1.446567859044237 0.03507217298855795 84.55096435546875
1878 85.44215333408606 -1.904195838893309 0.942921773869242 0.01720406283232383 304.6353454589844
1878 85.43775111561953 -1.9018433627988627 1.157691745148641 0.027621711816281293 132.7357940673828
1878 85.43388313868545 -1.8965390941077473 1.544023613901709 0.03781145303837164 74.9463119506836
1878 85.38174315877747 -1.8755872312505435 4.638226745104372 0.040176955439193474 290.9391174316406
1878 85.46052625588119 -2.0493392040704275 7.838320281044958 0.2869031745871534 42.52101135253906
1878 85.45288162901585 -1.9044621698022297 1.013853539367971 0.1437685823586759 12.358415603637695
1878 85.4438541747771 -1.8635990170689407 3.360351974281934 0.1411812405639707 21.06560516357422
1878 85.41427511871554 -1.783531906870062 8.373060680526272 0.27371532467187487 37.68855285644531
1878 85.36288009934961 -1.8694931046231933 5.786604155885357 0.2871542703682237 17.187904357910156
1878 85.43027251238199 -1.8924411910368877 1.862474649447401 0.14815836078913205 8.935100555419922
1878 85.43784464207064 -1.862405787223361 3.460079302195146 0.027371738965135187 412.8184814453125
1878 85.56758843215107 -1.9374404558525729 7.408651789860087 0.32401548287436266 32.488895416259766
1878 85.41694381028545 -1.8932808971609951 2.321725761224825 0.024488241419106504 158.1974334716797
1878 85.44589864152059 -1.8241746937244367 5.724729000813789 0.12116084168870823 89.85975646972656
1878 85.43966365444881 -1.907535102359543 0.7991127553314157 0.03911426387528987 51.3908576965332
1878 85.41275574031346 -1.9407626473174748 2.330733330342241 0.04533958073475892 82.64726257324219
1878 85.36233995298295 -1.9026504777627886 5.07985620974021 0.0979340071166822 88.83234405517578
1882 91.94120977430495 -6.416070097716933 2.358859133362789 0.03600921402642449 119.90936279296875
1882 91.95287825528668 -6.401834267439383 1.279307368942028 0.043632412694771985 47.83475875854492
1882 91.90500119869004 -6.381479476814601 3.365233582209779 0.10478694400187595 25.836931228637695
1882 91.94832888639803 -6.379320789031402 0.8012661247719971 0.06808684894374484 27.012008666992188
1882 91.94413001748939 -6.377147557648283 1.076699381974643 0.0544229230423154 27.959571838378906
1882 91.94209691556848 -6.3682451382450385 1.427749232934019 0.06102451845322248 38.08450698852539
1882 92.05047305756457 -6.329783446574925 6.173590130460015 0.2013015913886428 41.82037353515625
1882 91.94860154015576 -6.270195963811727 6.76845784965861 0.257613771694718 35.91031265258789
1882 91.88437518826441 -6.204495262613702 11.61492558426454 0.2738959430873202 84.86405944824219
1882 91.91131733059603 -6.380929515758793 2.989371616044057 0.0931888238808845 29.84520149230957
1882 91.95241650560038 -6.491289944380513 6.56262246700637 0.30283546333457523 23.947092056274414
1882 91.94736097779999 -6.263328246428252 7.186293812698874 0.36730365674836424 25.836122512817383
1882 91.85005602661391 -6.199681599804353 12.81222351102526 0.6249629417115098 11.764604568481445
1882 92.07867930236483 -6.435340483418493 7.681622921997976 0.5240887876529614 12.3027925491333
1882 91.84773374426693 -6.450777610256169 7.927676203822568 0.2642170601190561 17.582416534423828
2539 86.53985572427248 -0.05874646732898948 6.60468328210237 0.4229180256664943 16.6695613861084
2548 83.82059376126192 -5.765499778573061 5.734198079471057 0.14286624063657774 63.59354782104492
2548 83.64912914006395 -5.669554501584232 7.659984121318207 0.3506394505601778 33.33443832397461
2548 83.8385981939282 -5.703444027145153 3.931867469984303 0.0656335862477454 96.63587951660156
2548 83.8789210821858 -5.718156546306476 6.495921669744552 0.18495107340392847 56.179344177246094
2548 83.87206722700627 -5.760462097887869 7.43886254635417 0.3575315818854362 28.40928077697754
2549 83.84919959478431 -4.8379312388196 2.240405670374378 0.03122414621374524 164.86843872070312
2549 83.86072098591355 -4.935133696457144 8.026583209387931 0.181189166562633 81.19940185546875
2549 83.85698633681582 -4.825371635871908 1.911375994849196 0.029000121189158866 169.40304565429688
2549 83.77000647050829 -4.78580320951155 3.929676681252899 0.2493835687830424 8.93415355682373
2549 83.85627171350896 -4.855723559662581 3.386888484361142 0.1594918151854185 17.81271743774414
2549 83.90976738330853 -4.642838693375237 10.71405487436891 1.287297825006027 7.285950183868408
2549 83.89174019305891 -4.9031483943659255 6.894193234454014 0.09939563568459214 130.84474182128906
2561 282.4394568139593 -23.83791575019641 0.8715822320025858 0.09692781771084988 21.403287887573242
2561 282.4416570599055 -23.837649207653282 0.7798411138655532 0.0 19.58704376220703
2561 282.441208810217 -23.837785840610593 0.7950406256733136 0.06821500712625586 24.697277069091797
2561 282.440716630015 -23.83776168446281 0.8181420274500303 0.10025517615582226 11.653220176696777
2561 282.440168450901 -23.837838905533452 0.8407730788202981 0.06742176620914293 28.270118713378906
2561 282.4430676175615 -23.837605293959832 0.7207466950096445 0.05367075270560112 21.067481994628906
2561 282.44241872674695 -23.837641041400726 0.7469354946284573 0.06853580932191673 47.030784606933594
2561 282.44387526938084 -23.83750655622328 0.6915575310799538 0.06268094396133121 61.630741119384766
2561 282.4458599344107 -23.83736683023676 0.6228731553170114 0.0706722544357437 36.07608413696289
2561 282.4449473964473 -23.837396879152433 0.6545813807164336 0.0534317377981008 39.690773010253906
2561 282.44746569551455 -23.837210351153004 0.5787384872995903 0.05707181089215358 27.250289916992188
2561 282.4470377254263 -23.8372362178969 0.5903084370164412 0.05398441444205665 31.250879287719727
2561 282.446451859168 -23.83726256068844 0.6077054687438902 0.05756639372029881 24.669414520263672
2561 282.4488413239779 -23.837092939028736 0.5486397597061904 0.06060145456600678 26.242286682128906
2561 282.4481578285401 -23.837150837291396 0.5625425912142261 0.05266541479333799 20.486295700073242
2561 282.4477829903249 -23.837102871701905 0.5751994564755929 0.0 18.93100929260254
2561 282.44987475840685 -23.83696626250647 0.5342285822543177 0.0 18.97304916381836
2561 282.44941865782306 -23.837036743608937 0.5390778517507214 0.0481567360831484 29.62298583984375
2561 282.4625662696204 -23.83585271008984 0.7725293405689493 0.053545543428945394 34.25117111206055
2561 282.46199706696996 -23.835881039733845 0.7505580198921017 0.05699037145892506 23.30048179626465
2561 282.46393076552255 -23.835724600174203 0.8301571720550548 0.06275395266226143 52.58583068847656
2561 282.4631981992514 -23.83581067714841 0.7981068253132219 0.057688228724364486 23.846826553344727
2561 282.4658692271516 -23.83556450297347 0.9155925851685215 0.055261116880170824 29.848276138305664
2561 282.4649834046513 -23.835620198285735 0.8766679532629659 0.062203056697325315 43.4932975769043
2561 282.4668913664181 -23.83544110907002 0.9638076758367848 0.06528688147560223 41.90161895751953
2561 282.4662323090286 -23.83551759740627 0.9327286635993798 0.07174566766298429 16.905378341674805
2561 282.46914865213245 -23.835325463682157 1.067843372236188 0.0 14.914107322692871
2561 282.46851425197116 -23.83531034293668 1.039816152715874 0.07427442837298749 34.57484436035156
2561 282.4678100685155 -23.835373011570958 1.006352896114541 0.04970985386590347 35.8990478515625
2561 282.4705989960918 -23.835151973288433 1.140002073008689 0.0782640932529263 16.185482025146484
2561 282.47004878204973 -23.83519207562331 1.113342171914707 0.08192150216539504 26.29973793029785
2561 282.4694225542699 -23.835201192641204 1.084463236588961 0.08321797675634057 20.559242248535156
2561 282.4720286075175 -23.835014104042386 1.21110692779598 0.08910726202334565 13.898932456970215
2561 282.47147276431303 -23.835051872116527 1.183840282618254 0.08822265882889256 17.706418991088867
2561 282.47109094032385 -23.835051916935864 1.166030152858189 0.0 11.144190788269043
2561 282.45045780776996 -23.836935641310603 0.526306397110123 0.05805838775108282 42.86128616333008
3498 83.85557947910266 -5.424859052084564 2.839681991921461 0.11192245337070814 16.017141342163086
3498 83.81814243277255 -5.419320628808395 1.458509656035521 0.014023922123380458 344.2323303222656
3498 83.8517863041032 -5.411036854093788 2.198736966330237 0.028320393984648137 127.07847595214844
3498 83.81234763512178 -5.404728923225068 0.6946728401690312 0.07935137142026726 7.2683515548706055
3498 83.8539447534629 -5.4003928368813625 2.131034917161433 0.0708633090184161 24.940292358398438
3498 83.79888005215088 -5.392603639066495 1.191585233759535 0.05597527630002778 15.850507736206055
3498 83.81104570683053 -5.369755766286818 1.58285660653331 0.028311223076695403 68.24755859375
3498 83.79709859514523 -5.354268784453418 2.764026828597905 0.05697884558065791 25.572433471679688
3498 83.80501053251955 -5.347931204821581 2.940851277996614 0.039801604362806775 96.44756317138672
3498 83.80657523085414 -5.3420125751148655 3.261498209245244 0.047016098590958365 50.56141662597656
3498 83.82695335792893 -5.401909770489294 0.6443672348260749 0.03481767927541036 35.65308380126953
3498 83.84067950746149 -5.394225687559947 1.314973469082051 0.06196994063181231 22.94416618347168
3498 83.84506190133419 -5.33963668158242 3.677662089235541 0.06239170297961291 46.66818618774414
3498 83.79574028195847 -5.373485957528154 1.883307343122878 0.026104971374106042 103.91523742675781
3498 83.80693289473439 -5.479506909616166 5.117662418797323 0.132639247544622 52.159912109375
3498 83.80574684833908 -5.347571794492091 2.949749359059348 0.10517316702306327 10.186535835266113
3498 83.84655762064249 -5.374499001210028 2.070946457833423 0.03912214802496933 69.47132110595703
3498 83.84053513385935 -5.329507626191153 4.141773957948432 0.06542561685475269 77.73997497558594
3498 83.81353743431943 -5.365439268657871 1.801118003704197 0.10629435436608266 9.22288703918457
3498 83.81766250640578 -5.475969017981247 4.857439610518293 0.1475514249030001 42.96343994140625
3498 83.80435361207488 -5.364722127664075 2.009138061205585 0.056984371776215376 30.71942901611328
3498 83.80363523542815 -5.397575936620514 0.911706008390348 0.05937837856918349 23.407012939453125
3498 83.80632956827542 -5.457942525335963 3.846868210939447 0.05980560146374386 90.64427185058594
3498 83.79978483663969 -5.479198916878587 5.175412948022891 0.26421535239008975 14.569232940673828
3498 83.81448206016259 -5.586319218528803 11.48080949653696 0.3543786160078327 36.24087905883789
3498 83.78100175795176 -5.444452828369618 3.723287478480933 0.027067325916670285 347.0059814453125
3498 83.84480069274875 -5.365962948923652 2.339600201170707 0.08215120925065258 21.374622344970703
3498 83.87808578652341 -5.362931632428603 4.037225094031091 0.1122784375255113 40.622318267822266
3498 83.83978112525281 -5.3515110578229965 2.898815059193482 0.06865178545254955 29.498077392578125
3498 83.85135604161452 -5.375622276817604 2.272489914524327 0.0670829899740494 33.428192138671875
3498 83.71484910859687 -5.420234528422196 6.384014779150712 0.07330361385290288 144.4678497314453
3498 83.84333617752188 -5.419261725373343 2.070023691515968 0.041666181581653985 72.29969787597656
3498 83.93928300140591 -5.3434352771806735 7.84107617691225 0.20091211584308827 47.54263687133789
3499 285.4628654850285 -36.903523339739756 3.620284523132482 0.20896358716732888 14.328957557678223
3744 83.84555063371978 -5.541237819299623 8.900715563023205 0.12899624199097579 143.74716186523438
3744 83.88698513762981 -5.505922449625671 7.780524113172405 0.09990063082383473 115.06534576416016
3744 83.82422591188643 -5.411333027238447 1.01251414683729 0.05119979782376028 22.35265350341797
3744 83.82423928468442 -5.4084479034104 0.8494179114108054 0.03770479558163496 57.27252960205078
3744 83.81216121059147 -5.403518840188322 0.646545593832299 0.02173129220514342 121.84571075439453
3744 83.8665113324937 -5.379637409975331 2.983015245603536 0.07226667759990257 18.019630432128906
3744 83.83718646370147 -5.364083754689331 2.15956958068872 0.013429869792142028 254.8925323486328
3744 83.84282236289874 -5.361757019322439 2.45889337951287 0.0224055932603682 125.69447326660156
3744 83.81743552985473 -5.352960367258418 2.539209473297791 0.016741685118819283 231.45901489257812
3744 83.78460963659097 -5.3269538893911905 4.586471216119183 0.04498729673479712 112.8956527709961
3744 83.83209408838295 -5.32498424153903 4.2867042034374 0.1222022448269948 19.014528274536133
3744 83.833253906985 -5.312843113107396 5.01608156361763 0.13790526520722346 25.22633171081543
3744 83.81147777938435 -5.571258168848578 10.57041050846959 0.22752281801794394 62.46713638305664
3744 83.81679280131196 -5.329029156321077 3.975524692926778 0.15067854270673575 10.353322982788086
3744 83.77419626266567 -5.565171205037785 10.54221707325551 0.1787451228106366 63.37778854370117
3744 83.7984590433751 -5.45798850486592 3.961168882623983 0.22060575328293283 9.285341262817383
3744 83.8589961045318 -5.3824515176743954 2.503850480345025 0.03734648795547583 93.6798324584961
3744 83.78496987371187 -5.474816094196369 5.191105823014689 0.12102267415616347 28.438114166259766
3744 83.6223155433693 -5.398701439008619 11.7565138221813 0.0 68.26818084716797
3744 83.76013129689687 -5.346274709763551 4.587219082288302 0.04276708249193478 189.39772033691406
3744 83.85904789401825 -5.334951475197462 4.333983540067075 0.011957006224646202 1261.997802734375
3744 83.80249593966771 -5.329206232592464 4.084759008452965 0.13069644591789326 14.231589317321777
3744 83.78616368906135 -5.4837170229204455 5.660949118300691 0.045311276085008824 263.6177062988281
3744 83.79860429634424 -5.435726137754262 2.719779882102012 0.03178862006365629 114.44258117675781
3744 83.73550520896518 -5.46408350177496 6.479924268723914 0.10011821759198866 122.61528015136719
3744 83.82267478116218 -5.507021205216397 6.709786069777181 0.12281032486352231 65.07147979736328
3744 83.83763161657141 -5.46915299208979 4.570370022730918 0.08552448602428243 39.686859130859375
3744 83.72602463609185 -5.359808948458986 5.95263834761874 0.07283713420460797 105.40839385986328
3744 83.81921509984592 -5.326535117525153 4.122784294891327 0.07190378315914876 32.49583053588867
3744 83.81397422275042 -5.3171994554865405 4.692915990445801 0.09789224373218201 22.501588821411133
3744 83.66689492000704 -5.434263205593094 9.388050795528567 0.39749364412247007 7.6361775398254395
3744 83.73720787882071 -5.36835099512973 5.151158025845126 0.12100204602851203 24.558855056762695
3744 83.66647475060778 -5.444782818911109 9.588767721557268 0.0924015512391537 185.20567321777344
3744 83.86718883608076 -5.385047093497617 2.937090990312303 0.05968328318993788 50.97140884399414
3744 83.78504262010648 -5.374993149357734 2.369740747988318 0.058447500338743824 28.344457626342773
3744 83.85722727983898 -5.444916500046887 3.750704631801453 0.061552832534450035 74.89141082763672
3744 83.82635397131688 -5.401303487131111 0.5655022450448456 0.026158009289189377 41.38211441040039
3744 83.82313303545452 -5.362627522999771 1.972010319760906 0.02935723102244337 47.05415725708008
3744 83.87359953592266 -5.5199451457373545 8.159284035308003 0.4014935693110767 10.73440170288086
3744 83.8174298923984 -5.358942278303974 2.180630478506882 0.03845203404591264 29.293212890625
3744 83.81779534442325 -5.35253976568184 2.563683331461538 0.0 63.763973236083984
3744 83.81504032658695 -5.400782359695421 0.4111558171116793 0.04754384138617391 26.170576095581055
3744 83.7903087665391 -5.398837264999388 1.73320841168693 0.018120628842256986 184.8327178955078
3744 83.81807265347783 -5.260458011217923 8.08763746635837 0.09878675609559515 70.29185485839844
3744 83.79284475777892 -5.543639622453049 9.040526319321597 0.25467333520821334 43.520843505859375
3744 83.83189648929887 -5.407348199814044 1.054239363862296 0.013128201467173138 229.43617248535156
3744 83.80665449994046 -5.515948591997423 7.280076015814069 0.07754259756472799 198.9866943359375
3744 83.8140677354724 -5.392553285489367 0.3412916315974929 0.024214621587983022 30.390918731689453
3744 83.91276972121851 -5.340486943735429 6.488919121455399 0.2297475874544491 16.01011848449707
3744 83.8272238728125 -5.3638703377836645 1.9442138364548 0.024093627732544403 60.04368209838867
3744 83.83206431028218 -5.223763669409784 10.31817851531079 0.07611852223531801 308.7504577636719
3744 83.80663100123066 -5.341995815394863 3.280800963615309 0.059126896693113724 26.531667709350586
3744 83.79656638249006 -5.3265255037732 4.337505113199556 0.13203467217614667 19.146886825561523
3744 83.77338755050289 -5.489543164856116 6.282069678122468 0.20647305445942696 19.77691650390625
3744 83.8102129280585 -5.417232790462331 1.421879348006438 0.019876117105886708 197.68618774414062
3744 83.82442466832816 -5.384130935290562 0.7389989677536388 0.02518495001620774 30.906330108642578
3744 83.86547398477369 -5.480878672182347 5.836950385542941 0.2538165399574246 15.576638221740723
3744 83.81779329912315 -5.369514426160311 1.545989831287098 0.0171212490995754 116.76696014404297
4373 83.82609443478036 -5.4982568906993 6.198767661790662 0.03577792598196491 380.54541015625
4373 83.80634974844533 -5.457908795519117 3.837983543658359 0.038215979828938526 161.19606018066406
4373 83.808831565336 -5.4529034889867205 3.515463150102932 0.11827165887545077 26.50732421875
4373 83.82488966151749 -5.447377667529532 3.15129628453923 0.1072953947978947 19.79429054260254
4373 83.7739158944764 -5.440538304055967 3.826970208475014 0.045732961125410136 170.97850036621094
4373 83.83812669704743 -5.432463803906259 2.512329344194708 0.0782831562728234 27.496965408325195
4373 83.81528883561681 -5.425853211026262 1.852993437369053 0.06942606403934852 16.866443634033203
4373 83.69336697850235 -5.408807362997189 7.546961005491183 0.053610347481946714 293.68280029296875
4373 83.80658555089857 -5.39864299739431 0.7681538585442201 0.013436905473647264 159.6243438720703
4373 83.79226584553265 -5.3756789713921656 1.978475950658515 0.06308153297520065 15.187745094299316
4373 83.79462180128336 -5.372261453257573 2.001828198934101 0.03679388602327405 42.347007751464844
4373 83.85929741013345 -5.372040105134734 2.780770516384858 0.13564159295320463 9.557092666625977
4373 83.85049923107518 -5.365431499140172 2.595251401679797 0.08303331332037604 20.32323455810547
4373 83.79356399966073 -5.363688489601391 2.423811982090406 0.024516131849812547 119.53146362304688
4373 83.83221311848773 -5.341493491948748 3.317405177346647 0.03456391379874612 74.66402435302734
4373 83.75554052249785 -5.33947536301762 5.052746421495501 0.028118173852523565 356.7469787597656
4373 83.80849576188501 -5.336756426073343 3.561267822014398 0.06015481504213885 44.824867248535156
4373 83.82049554947001 -5.311357047175818 5.030682392360239 0.04003577837273304 161.03823852539062
4373 83.80652822045478 -5.295960551810477 5.999844856977629 0.07306831595304772 72.60572814941406
4373 83.81928456455891 -5.289770043313835 6.325103179420931 0.07241049950663439 67.92842864990234
4373 83.72940449409141 -5.449504299512718 6.264256769120852 0.33322409491236915 18.160518646240234
4373 83.81529479465796 -5.394128119232291 0.2284443509482057 0.012025455516235403 158.53836059570312
4373 83.84056308975057 -5.329497381030267 4.147179628622119 0.02480920090192423 250.1202850341797
4373 83.87880293118172 -5.30492468620441 6.489036056769054 0.061546425918626926 125.52255249023438
4373 83.79673223232078 -5.289068537536347 6.504253042334229 0.11730143004456742 50.92844009399414
4373 83.88698391984178 -5.505902510417357 7.786635875816252 0.07323229022962467 185.64588928222656
4373 83.78692461178548 -5.530198156369361 8.323629763369247 0.12275036946201881 110.58049774169922
4373 83.85042682694892 -5.35904262307982 2.869639488085244 0.029109151395058038 99.37535858154297
4373 83.85507792137832 -5.25989924369125 8.399083229076819 0.1889912775207291 48.493736267089844
4373 83.8525476944752 -5.35115799176109 3.317054272899416 0.07739310541693109 23.935169219970703
4373 83.85201681715405 -5.283229633603987 7.001625729873774 0.10092889393042691 87.469970703125
4373 83.80819498984967 -5.356411971644213 2.41392156245356 0.02960876110705887 72.30487823486328
4373 83.92542034284304 -5.334840492674557 7.317749844138273 0.3665483455305589 13.756959915161133
4373 83.85288941052595 -5.4098832378175565 2.209771562026543 0.0465469894002083 24.896642684936523
4373 83.89006042662783 -5.48068772484699 6.659446886696309 0.1511832942539786 40.895870208740234
4373 83.81598378300158 -5.379368709131268 0.9657495651595951 0.020080576539225962 45.222896575927734
4373 83.62317553870376 -5.393979718290506 11.6957399220163 0.31386079541869233 67.423095703125
4373 83.82353344685647 -5.368840381591487 1.604206185650663 0.042696661642728846 14.675320625305176
4373 83.82634748854602 -5.401297429572375 0.5733084255408162 0.02763454587097485 37.49449157714844
4373 83.80636249363047 -5.391850214309442 0.7791574449300266 0.01853116357649779 116.2325439453125
4373 83.84103020533364 -5.368931518661449 2.05394632526099 0.027351450879993994 72.25373077392578
4373 83.84785237812082 -5.3337702878625475 4.069020186136227 0.034628810554276815 188.11642456054688
4373 83.84213267443947 -5.376100328570717 1.796209185731424 0.03089789248024967 47.16986083984375
4373 83.87795940949505 -5.408618321531283 3.614730300200157 0.039891888425547306 100.40687561035156
4373 83.76945919184962 -5.4933459092582515 6.590185190496751 0.0906471677638845 83.30722045898438
4373 83.8817990890215 -5.2827319388478235 7.721121959980025 0.204011333554578 30.911333084106445
4373 83.81744075284743 -5.415614682536954 1.228993933664741 0.0241326539355272 114.76657104492188
4373 83.83747677111741 -5.345284140824173 3.191845132533967 0.03729375931006957 66.5310287475586
4373 83.8647751987495 -5.475218610283728 5.526641620391687 0.06307073325420243 125.99182891845703
4373 83.81645757648782 -5.249609331265919 8.736005070663996 0.08853149354008041 125.1013412475586
4373 83.8169567450271 -5.3852440510991055 0.6086102879328833 0.010314401347711248 240.87513732910156
4373 83.8336428643275 -5.3454824984766 3.108497085188507 0.02159876948045819 171.04612731933594
4373 83.87674107007068 -5.427351235567581 3.953868963188929 0.026248596520517416 246.26708984375
4373 83.81983696852201 -5.401113423957081 0.3592972591832242 0.01036827085984676 378.623046875
4373 83.75906496768228 -5.485937039830284 6.515322874127156 0.12106507127698363 69.41036224365234
4374 83.83454972080153 -5.510927143325117 7.011933366852174 0.05969748391691495 206.5559539794922
4374 83.924836586777 -5.470153059819602 7.767780595546624 0.01932745514577889 1442.7623291015625
4374 83.75552559158409 -5.469906344908985 5.869790487731976 0.045056950039467976 366.931640625
4374 83.81545741246863 -5.441181351697865 2.771819351220602 0.017225422901455286 420.4631652832031
4374 83.83075881316472 -5.428392736074107 2.119600950901583 0.013582859885431594 402.8387756347656
4374 83.85556629133067 -5.424797685196611 2.824680827193454 0.09261176470610968 19.94740867614746
4374 83.77369154136585 -5.418401521092802 3.038842181063953 0.0202055527253135 340.10174560546875
4374 83.77780184806537 -5.379011943975043 2.63626821300626 0.0652899382475563 18.950918197631836
4374 83.82898123046886 -5.3520995339701285 2.650375274537137 0.06319816476359962 20.703153610229492
4374 83.82433134880769 -5.348281148472607 2.828585076114419 0.0200878245600249 180.30105590820312
4374 83.81786365807038 -5.345521656928813 2.975853148334868 0.021328874979173768 167.73060607910156
4374 83.82712860381073 -5.345155167780172 3.037608047010578 0.017298175442938206 233.99012756347656
4374 83.87349143420764 -5.333887888318994 4.913369931055692 0.04864154447257581 159.7603302001953
4374 83.83168991542014 -5.333788148849747 3.758165512665786 0.04327204505414916 60.57902526855469
4374 83.81679188584388 -5.329024757943899 3.967000119727853 0.06829315599998363 33.835548400878906
4374 83.80285762150316 -5.326431250344271 4.230187548665349 0.019737600992898067 353.19482421875
4374 83.83531232793393 -5.325719948604951 4.277701799854857 0.08130003155995819 25.97888946533203
4374 83.87794827741612 -5.301943640620423 6.61095119803532 0.04333786194631438 261.48028564453125
4374 83.8230011532248 -5.294412606140956 6.046841429196708 0.012911690888032122 1307.498046875
4374 83.74246593086691 -5.479903350656117 6.834372905805731 0.23716602436617962 15.765408515930176
4374 83.77554519169239 -5.385051247646049 2.657196119804842 0.12337904558263604 9.88786792755127
4374 83.81678856943111 -5.3980469391840105 0.2155701923566943 0.02356442949707102 85.8446273803711
4374 83.81610657466605 -5.344499022120161 3.041079760661809 0.04999368700194674 36.12312698364258
4374 83.84031316505678 -5.363021608642148 2.312566542680508 0.015471304045823659 268.3417663574219
4374 83.7967068078302 -5.289065943867296 6.498845658353563 0.05188242902380765 159.54104614257812
4374 83.80509932055605 -5.398701906448282 0.8501292598965036 0.029419853112493868 37.30685043334961
4374 83.88851115499436 -5.332637579717591 5.599882615131907 0.0675694786476876 95.44926452636719
4374 83.85007001875167 -5.387131818279807 1.924426837077201 0.034003883301793734 65.89563751220703
4374 83.84866570639026 -5.3701432424317845 2.326499136707384 0.04791049860465458 37.023536682128906
4374 83.83749756271297 -5.34529464502448 3.189369549432251 0.07391686125244014 25.22091293334961
4374 83.77255994940587 -5.404166973468125 2.818924811147872 0.07359313963002018 31.957477569580078
4374 83.85134884709463 -5.375602558561782 2.266016818427525 0.048648822356454166 45.919551849365234
4374 83.82307177186775 -5.362628107737561 1.964989843347813 0.02449785475300942 63.01211929321289
4374 83.91518803698757 -5.463888192425003 7.080356454200249 0.10996402985801844 69.52532958984375
4374 83.77868316492673 -5.369200097059935 2.859767880996637 0.042198769943918156 53.899513244628906
4374 83.7216017410298 -5.400185974959355 5.817964070364773 0.08381777892109382 82.90575408935547
4374 83.82662543260271 -5.338921364299047 3.402983765015785 0.0433052519812412 40.1230583190918
4374 83.87998788460135 -5.325491412795654 5.547940289826763 0.08385325100584008 82.64311981201172
4374 83.8285929577558 -5.245922438714524 8.97004574062681 0.13051551487500004 89.69618225097656
4374 83.79393072887606 -5.404583447673847 1.594271837098983 0.04496300852231241 42.459102630615234
4374 83.88617789755378 -5.354997771079296 4.686166418802681 0.09802154831069854 60.2466926574707
4374 83.82497436416558 -5.348740904948486 2.805922004468927 0.07371617813493644 16.47062110900879
4374 83.8339619379367 -5.328945945481451 4.070930812981868 0.11181721570495108 16.257164001464844
4374 83.8132853056023 -5.381693605223715 0.8712362181942399 0.010159528236092237 150.4459991455078
4374 83.77381837554756 -5.3983179415618405 2.697761430974745 0.02746513953474834 170.6090087890625
4374 83.86155816488333 -5.34804493525445 3.805003585459772 0.1324801800367931 19.998441696166992
4374 83.81016447822054 -5.306795340381499 5.324266145161405 0.13248794415909088 18.152490615844727
4374 83.80751608989918 -5.506802960119822 6.735828799248489 0.22850520368875038 24.276878356933594
4374 83.86482317134404 -5.475190976568512 5.533743562676281 0.09523563229938677 47.51468276977539
4374 83.8447246456334 -5.32991699851156 4.205500417119217 0.04254350618323481 115.26335906982422
4374 83.8163740969326 -5.3724753577294715 1.366162880993018 0.03660449536173724 18.609121322631836
4374 83.97634753677201 -5.445590138231872 9.882244727164979 0.1506168449443921 123.48047637939453
4374 83.80601381306501 -5.394490466501051 0.7686185907016514 0.0233637178834495 57.91193771362305
4374 83.80050685745039 -5.413227113465124 1.544148857194496 0.037979846749329256 41.79490661621094
4374 83.73376556692517 -5.482078998824926 7.284700639134114 0.2825970614946742 21.39836311340332
4374 83.70057529250299 -5.377275325269951 7.146669452188464 0.22710829209452563 19.92342758178711
4374 83.90371559963694 -5.306019894599039 7.366507624915952 0.15270015353872896 43.88627243041992
4374 83.82011962412287 -5.316886513289408 4.693956544054849 0.14341464121557682 26.928913116455078
4374 83.89548978987928 -5.4872378452574315 7.176484236930689 0.08015001522667745 162.42747497558594
4374 83.87650315494118 -5.377183696328005 3.607033843679437 0.03550175852123278 172.98367309570312
4374 83.83145643178979 -5.533007005165158 8.30797294323887 0.25808340357816784 21.09549331665039
4374 83.82507954361523 -5.368107088116212 1.662096922074304 0.009264802400288569 374.28131103515625
4374 83.80660272487941 -5.341990666805821 3.270219603050616 0.04643369534308143 34.06856155395508
4374 83.87673100069738 -5.427335392642054 3.960499399094571 0.0264634025876933 236.21128845214844
4374 83.82423410083778 -5.408435227455202 0.8614628037282547 0.03927165510360002 31.438501358032227
4374 83.8414269558785 -5.250278059024918 8.793769465485438 0.11916951274611409 72.1912612915039
4374 83.80235617473578 -5.383817349342483 1.19651221632083 0.035076273658758914 24.00859260559082
4374 84.0424487182519 -5.3681929959028025 13.45311010657856 0.3068947491339783 51.61568832397461
4374 83.88083172425073 -5.258781365658932 8.97835613985207 0.0 405.8782653808594
4395 83.81588325718705 -5.553384173803526 9.486177777481235 0.041767158639808656 637.5673217773438
4395 83.78838321212906 -5.516204112848472 7.485258061611191 0.07597026801579955 253.68527221679688
4395 83.75725359788318 -5.420129041426386 3.996885510281773 0.14918123985306567 11.486983299255371
4395 83.81755807474242 -5.415529207684259 1.21734335769443 0.029048765480549753 92.83578491210938
4395 83.85594631225479 -5.392528429549782 2.192328161994647 0.06599158463733346 35.59698486328125
4395 83.85012367504254 -5.387153113577779 1.902299503873291 0.07949685407754171 21.43859100341797
4395 83.83178041175493 -5.384289522757242 0.994527505411831 0.02378978766185754 74.1155776977539
4395 83.81330114635094 -5.381714893084341 0.8926939170607731 0.01114098065165674 225.35438537597656
4395 83.76545781704684 -5.379327327010792 3.35931936629832 0.08898741204756302 25.59290885925293
4395 83.85276041997459 -5.378473289406605 2.237001629580182 0.05779037957439004 45.61591339111328
4395 83.84431731150322 -5.360364185806107 2.573445245673084 0.060198152436749704 25.60871696472168
4395 83.81893842675844 -5.348498887304057 2.80931096769455 0.14573787468099883 6.755276203155518
4395 83.81148594066931 -5.341365877293668 3.27111031640722 0.054691374959402315 34.135311126708984
4395 83.86815535266275 -5.298413265146562 6.504335991739131 0.041454769296032215 297.3259582519531
4395 83.82303794648554 -5.294414903421884 6.058243851315554 0.02093428351240094 793.7129516601562
4395 83.85291617314793 -5.473673497867818 5.110885795784397 0.19300618858570728 15.133094787597656
4395 83.77306772633219 -5.464573746609688 4.990939010320079 0.2962166101460421 9.53514289855957
4395 83.91988603023832 -5.451775499975391 6.8945475301766 0.25581029658489784 22.729297637939453
4395 83.81047439286648 -5.441865238356134 2.842677927395936 0.1565713362444155 7.270383358001709
4395 83.79172942414104 -5.3045362402277 5.691429063747754 0.08955299869555434 74.023193359375
4395 83.87429093714573 -5.268412999476162 8.291582557474545 0.06412944996285704 206.27523803710938
4395 83.85295087727897 -5.277956163173115 7.322243425345422 0.23261934034804665 23.6912841796875
4395 83.7734898752007 -5.422067855612793 3.174997042876512 0.012495161230443174 963.6925048828125
4395 83.75056649489021 -5.421136476800231 4.391075870093171 0.046900133730076635 177.33580017089844
4395 83.73386465651944 -5.482136959906091 7.294340494024955 0.21239147874577535 22.636016845703125
4395 83.78551303238127 -5.411512986006669 2.242733410730539 0.0 19.786697387695312
4395 83.73724655395493 -5.368395264165909 5.163805390837925 0.09943128214161404 39.482460021972656
4395 83.81424211157882 -5.4331498547589145 2.290286999798332 0.04734346876140981 59.63742446899414
4395 83.7770085727415 -5.289518301106403 6.833472961403111 0.09293852868847312 109.0602798461914
4395 83.85596013780511 -5.364273326464041 2.87261005481944 0.03656222766184884 93.55519104003906
4395 83.90982828933141 -5.476196503356177 7.263135581873986 0.24061303376951712 35.15829086303711
4395 83.84477518476015 -5.329905164071451 4.208410340296582 0.06564079427395397 46.57086181640625
4395 83.78076923977827 -5.374721740252238 2.615185291702288 0.04948638847150279 36.910133361816406
4395 83.7454619694382 -5.46759336508734 6.187405353369115 0.1691835465403738 65.3470230102539
4395 83.78572952970433 -5.411156613445935 2.221856845930408 0.057982861624216286 38.650718688964844
4395 83.73024554770964 -5.505981220196156 8.50953418834196 0.36014441977342543 21.37824058532715
4395 83.70053272446494 -5.377355287182203 7.179057146969967 0.33235981738117465 10.97585391998291
4395 83.81019030350384 -5.290316951766346 6.323848143341737 0.0898972471066505 80.15689849853516
4395 83.80964236190242 -5.38558121386621 0.8232724705478591 0.012243036077870542 186.43724060058594
4395 83.72943435108206 -5.424851227445207 5.655775849444486 0.10933170453513742 64.0484619140625
4395 83.77253338142297 -5.454677811043764 4.528264969973865 0.11276391162216187 35.31438446044922
4395 83.8337211601125 -5.333028929499913 3.834702568965382 0.08055150495733622 27.716259002685547
4395 83.82289518951187 -5.306196236106522 5.351548421111995 0.05618914739256036 105.00374603271484
4396 83.78342571280876 -5.545571461922744 9.275102000433069 0.13395793332703088 129.343017578125
4396 83.72575605401863 -5.481663940621216 7.607729730167274 0.05576062722005819 359.6822814941406
4396 83.88081609969555 -5.471110283570246 5.879153336469654 0.11030861680653882 82.5829086303711
4396 83.84711476634061 -5.469446599173423 4.774421992623472 0.020715902173904798 537.9236450195312
4396 83.78581156477159 -5.438712442579937 3.277335215261797 0.07431293151871889 37.571258544921875
4396 83.85366740021557 -5.419444929550767 2.547266352429803 0.03878390561593129 62.98556900024414
4396 83.81170898986069 -5.4018349276423985 0.5864941528789149 0.045328494912884765 17.40873146057129
4396 83.78429170844892 -5.400852783833197 2.088855719119028 0.026510406750474162 111.17755126953125
4396 83.79776365581027 -5.397725187220693 1.265114569948423 0.03470625791293599 53.11187744140625
4396 83.88015443425812 -5.394391961239896 3.666913110067493 0.023582986901024398 325.2201843261719
4396 83.84851042286898 -5.392155364345501 1.784909822533766 0.008347310049080814 691.7511596679688
4396 83.80539864947548 -5.377487491133733 1.321987755378998 0.03396574678388361 31.81134033203125
4396 83.78028139254194 -5.374009575402649 2.622777717280322 0.014074922996426105 375.9371032714844
4396 83.73720242174576 -5.368397297527008 5.128123297411475 0.07376516778252046 52.244598388671875
4396 83.8050301677892 -5.3479175531495144 2.944296561321436 0.03584668049336703 60.184226989746094
4396 83.79241393208095 -5.339114586969588 3.706752603081585 0.06520436709911819 26.405664443969727
4396 83.86041896625818 -5.321862156191332 5.046773534003155 0.10979908607300966 49.535308837890625
4396 83.74174662482915 -5.293765551604542 7.622246929420521 0.07816164332788891 125.8489761352539
4396 83.88027454586718 -5.371043829827197 3.946071918683833 0.19211412551301 13.759687423706055
4396 83.82107770732377 -5.482801221720121 5.267254734409459 0.09543257373436 59.476707458496094
4396 83.74074021407299 -5.380850041895004 4.738308760431156 0.04182958477271538 126.96326446533203
4396 83.83040246032566 -5.335455963176361 3.642157835394196 0.0219222547394143 228.6757049560547
4396 83.80568443013716 -5.347570961700105 2.953689768170616 0.042653194552065204 30.418994903564453
4396 83.70322171560316 -5.318774410952767 8.281786500478692 0.23009272199696199 38.30305099487305
4396 83.78455337604572 -5.409657447010663 2.224063136819722 0.05050300602720313 33.78166580200195
4396 83.80650402355603 -5.295973834929554 5.989191247155092 0.056630823709900996 96.24101257324219
4396 83.7738507780388 -5.405102506693163 2.750276773250397 0.04698386165799978 53.264530181884766
4396 83.8223342075898 -5.3373980725128 3.465281086304394 0.027598104310698455 126.18264770507812
4396 83.76954816919493 -5.409949172053432 3.073243867366179 0.022814715657812464 289.5817565917969
4396 83.82636427854536 -5.401303401134657 0.588901201272065 0.02386737157138702 39.79582214355469
4396 83.84384802031717 -5.330839803421991 4.133260585461694 0.07686388948222646 44.871185302734375
4396 83.77706432311106 -5.289526887594626 6.803625946055573 0.1263129448196134 48.93837356567383
4396 83.93928314723702 -5.343401659244826 7.83751553409764 0.19315581389579775 45.498111724853516
4396 83.84050930916489 -5.445587780002214 3.298937001161026 0.09700237799409901 35.793426513671875
4396 83.79661471021357 -5.326508734097424 4.319852988043254 0.11109841482866367 23.38492202758789
4396 83.8769954998284 -5.406356881062339 3.543594153739632 0.016553013931470604 482.3014221191406
4396 83.84720532562163 -5.357013822096038 2.844591993681564 0.02778550213235381 106.36729431152344
4396 83.83458817060237 -5.332681415667014 3.859196870610368 0.0898994807621037 20.13910675048828
4396 83.85594034838385 -5.392520344443878 2.225454018567294 0.08812853594899096 14.293885231018066
4396 83.82054150035184 -5.5461754564599675 9.068522904897252 0.16202175351047043 93.76834869384766
4396 83.82495918945062 -5.508762856447171 6.833154491363351 0.16694580727552252 39.959716796875
4396 83.67029269783885 -5.378365062108999 8.925619683767444 0.10396188388971436 150.38858032226562
4396 83.76459225597333 -5.346269451112279 4.363334818053234 0.1871331640018333 13.424933433532715
4396 83.82737685341694 -5.4401863244016955 2.756908070377616 0.08932067842183933 12.812582015991211
4396 83.8671766223994 -5.385094763405948 2.952481131843494 0.05819896181654921 40.29262161254883
4396 83.78635363059584 -5.382363871199994 2.08052321874963 0.023221868719140348 119.17450714111328
4396 83.77569744162633 -5.370078940952434 2.977249940078612 0.02406986788493906 203.0054168701172
4396 83.77055948156776 -5.352570879156141 3.84556658263396 0.06407449240276655 65.1175308227539
4396 83.71676354648973 -5.405192028384507 6.123619457140415 0.11766539725073555 42.314002990722656
4396 83.84202361906611 -5.409066089930289 1.623916550943444 0.06461375579296709 22.13163948059082
4396 83.80593800665437 -5.35196108012292 2.696228909307069 0.022820840106800373 125.72334289550781
4396 84.08863854663592 -5.337623154585183 16.4851249930814 0.3669922867723248 69.43562316894531
4396 83.81748740280833 -5.415584308463467 1.234819310575284 0.03548038416144754 52.67749786376953
4396 83.85527377905694 -5.259803303091898 8.4023442679104 0.4305235833369523 9.466497421264648
4396 83.83597451289269 -5.379270305245702 1.397057827657882 0.031225043818191956 38.97174072265625
4396 83.99056713779443 -5.386067950462752 10.2763149332931 0.0 18.015676498413086
4396 83.88244754665153 -5.492890709479085 6.995153816745539 0.14538272336490216 70.14887237548828
4396 83.76875170961922 -5.43451081114915 3.812377690242595 0.035305350210205734 160.04830932617188
4396 83.80746255788367 -5.3685709407237985 1.726038141262679 0.010820415488046962 262.0274353027344
4396 83.8166350563513 -5.3526750742442495 2.545316185555603 0.017341914701967193 185.25701904296875
4396 83.78220974786147 -5.350364482601416 3.4578028433238 0.04129196947570127 68.30387878417969
4396 83.81692216359788 -5.343351878712486 3.103473837707616 0.016226974459479473 273.7853698730469
4396 83.76816470020906 -5.38709904239937 3.060287327247368 0.032693809084161106 153.78970336914062
4396 83.86034039265684 -5.395782617509867 2.483520855945469 0.034796955652412795 82.11577606201172
4396 83.84802479186745 -5.315803862689607 5.065396920821247 0.02725360726088418 327.7644958496094
3752 29.515943793995323 37.686994373285614 7.156019723954689 0.2644170873305153 28.561141967773438
4472 290.7041908957281 -54.469173445027465 2.245028328506483 0.09629899073859557 28.22467803955078
4475 285.41838767460126 -36.8618515570672 7.972668701621216 0.3222403991862612 41.283016204833984
4488 65.50916001280012 26.958465045621637 0.6214985726286801 0.032744577968713516 117.59874725341797
4489 84.02738143991263 -6.538204826925634 10.10482601877525 0.6656730270341147 21.795063018798828
4489 83.90558294805179 -6.390653607455198 3.797478693086523 0.08050270884978455 98.77304077148438
4497 51.269804017647836 30.64944922082576 8.926119073584012 0.4771275626463178 22.858755111694336
4499 66.77684485990099 24.779030078806183 3.598069984333484 0.16541121224345204 19.36484146118164
5381 67.9006504990799 18.2286170930872 5.777986831238165 0.24137510059639558 23.464035034179688
5402 285.5920726269668 -36.927951074513985 8.071552206388638 0.2728470025329831 44.267696380615234
5403 285.46928951189204 -36.950064490129684 2.21078871185054 0.11665691758213136 17.827335357666016
5403 285.2859925099839 -36.955638667062104 7.141486531688717 0.2531485133561103 53.5482177734375
5406 285.3367071456346 -37.05087989036179 6.574965648147339 0.43290916531877743 15.847431182861328
5415 68.39185336359807 24.354711682255783 0.6084277246612567 0.010797971693214687 879.7129516601562
5427 288.85822435225583 -24.206666514929157 2.612991626869058 0.11200424221013186 23.492782592773438
6396 165.64477360691117 -77.64467439000134 7.429790298317194 0.6841380776031433 12.757120132446289
6396 163.7933834505719 -77.51522377149907 19.68501949458372 0.5062478507504171 35.6087532043457
7246 66.72670232836363 26.1141519959306 2.35477349530382 0.1029457629107736 26.56576919555664
7247 66.73876910040438 26.107819847386708 1.465584356988102 0.05133230143330406 73.92791748046875
6413 86.53323387584778 -0.03125210010210856 4.712978588417698 0.32228423005986534 14.954649925231934
6415 86.57924986093906 0.05800714793995025 9.41819207222386 0.19580409408780802 117.84806060791016
6416 83.65222983910432 -5.604802086349477 3.009680536296716 0.0331174141318795 303.7303161621094
6416 83.83121183939211 -5.6144235060607945 9.378412057251309 0.39111228141015336 44.266849517822266
6416 83.66667991364622 -5.501217724944549 3.915711753414568 0.15638021914024283 18.644214630126953
6417 83.69849978465095 -5.730533801974878 10.20512627685653 0.2264469053479668 89.52100372314453
6417 83.71868856928393 -5.400910667199013 9.882503085390766 0.11738129992416775 196.76626586914062
6418 83.7733478492955 -5.489612990553715 6.872598202610955 0.20125400802590593 43.93741989135742
6419 83.83007185467503 -5.517859326180273 8.65309851424938 0.21353437929464664 71.2260513305664
6419 83.80075841610044 -5.415946927333031 10.81641147928183 0.22868985582890206 73.62704467773438
6436 52.3928279236415 31.295377048887367 7.379145263188993 0.11831812936631031 164.1039581298828
6436 52.37189725428116 31.309640216076936 6.042107147499258 0.06937114731079141 276.33355712890625
6436 52.243397384583915 31.371469750395807 1.640253075074304 0.057615821220535525 38.5811767578125
6436 52.22756518355393 31.280765323679347 4.600973063406162 0.1719498444945265 37.23551559448242
6436 52.27419055478918 31.277375643159335 4.431292628492416 0.11416848591356084 82.09803009033203
6436 52.15381312474331 31.29303228859607 6.636573790031144 0.1777081631498167 64.3548355102539
7417 86.79315625737519 0.28937723267988946 4.677410723547316 0.12861571533915203 43.97003173828125
7417 86.77564611892029 0.34231865822795543 1.35069245847635 0.06973857224576294 39.71575164794922
8573 81.2582424792644 1.6229281549777854 12.67929067901372 1.3742525355824835 9.075508117675781
8582 164.6057491461935 -77.24943087115791 2.352043385620273 0.07010488751248461 39.423282623291016
8583 166.99987020951082 -77.29172613234209 2.765637400539831 0.0498984991389224 117.5276870727539
8583 166.78820275978447 -77.31305403906096 5.832085368870189 0.16530408223942597 65.7291030883789
8583 167.40673257820006 -77.17798596031494 6.228385425795588 0.2873701416240197 22.997085571289062
8583 166.81776359506006 -77.38547663999131 8.46967201858103 0.5406123657077657 25.82318878173828
8584 55.99867461126236 32.03172023940095 4.755052041386048 0.11189231811556649 74.15191650390625
8584 56.102488327512674 32.065871140411275 3.027048623901668 0.033135048895240785 208.7205352783203
8584 56.18638541509024 32.06737360968929 6.925222038268949 0.02064960250515333 1192.6990966796875
8584 56.017202588873005 32.12137997087316 2.442542703167192 0.04851604162522588 77.77239227294922
8584 56.16339239623631 32.16250165344569 6.850854048849298 0.150165501404248 61.5442008972168
8584 56.172076559312856 32.17380301791098 7.61141900187366 0.41770802677278374 17.016586303710938
8584 56.14174877988762 32.14837936124575 5.463550895832678 0.07750685972162304 73.77729034423828
8584 56.11267786020347 32.07880017329382 3.133437522942204 0.016249472987554504 678.5279541015625
8584 55.995513953121225 32.19077817185595 6.451204836772505 0.23352489135564963 38.91758346557617
8585 86.54100896064409 -0.09983914318324352 3.335004001238423 0.19402640269961566 14.696139335632324
8936 83.77400479679685 -5.565561448836721 5.235413003732185 0.06359605308055084 245.24391174316406
8936 83.69953522347978 -5.512948461508488 3.103429894095475 0.03145873650296061 281.83203125
9915 86.4872461358489 -0.13087227589296502 4.610967147641555 0.20049928546745865 20.166364669799805
9922 68.45518451652592 17.886087179540358 2.597149501949573 0.13649611195933573 15.331573486328125
9922 68.42391806502171 17.844438103148235 1.287552863284605 0.05952364857852016 33.69880294799805
10986 22.37594745689138 -73.55299269526205 1.940169419681724 0.0343531311514543 151.00509643554688
10986 21.9418365326646 -73.54901186445342 6.017300354763528 0.052136319370773544 329.4460144042969
11979 21.941706406034047 -73.54901315762788 6.010943933140663 0.05419938544043079 343.23406982421875
12136 22.649065966815797 -73.6296211517696 8.48620214320825 0.49550071084325387 14.39219856262207
11009 66.73879141810376 26.10783922231355 1.581028952070543 0.026642364124952987 143.6040802001953
11009 66.60701848137658 26.208610423340485 10.6667648110521 0.7096000469590354 6.854581832885742
11011 66.7228862210992 26.115065756221668 2.50253924110376 0.02719170690392615 193.05996704101562
11011 66.84896272045762 26.006736435204 7.339821535171418 0.4583146904319393 6.93010950088501
12355 83.98769179437323 -6.784613001085684 5.410260021639989 0.07386948730990707 163.98794555664062
12355 83.94723896906122 -6.486308675242241 13.78211200155668 0.4437947536262541 51.85324478149414
12374 324.27957465275506 12.772494998045353 3.34641927869953 0.05735566476465391 113.2818603515625
12391 83.9794876529964 -6.851565372014769 8.39212870734264 0.7769244416200388 10.287912368774414
12391 84.21811278661892 -6.719336649431365 7.9177346540862 0.9251021608541332 4.5626115798950195
12392 92.70067076518636 -6.190421414295687 0.9155883032604205 0.06515304527559196 20.710477828979492
12392 92.62773176589289 -6.093864470856939 8.149426651574721 0.18665014464831314 75.24034118652344
12392 92.5535330030658 -6.1397330204111 10.130751608673 0.4338280336011532 26.606494903564453
12392 92.75496061724726 -6.238255326923978 3.412057566611644 0.03881992615488881 178.09295654296875
13429 56.14589491293192 32.25852662206895 6.939743059615344 0.4871226231277705 15.841203689575195
13429 56.28293386069353 32.06692366039255 8.785057760433292 0.5143618660700825 14.438531875610352
13429 56.26215170839349 32.11664417809544 6.634845077464668 0.18462509425368276 47.5806884765625
13429 56.10250430599579 32.06567202686747 4.943269311892198 0.15397130273019974 28.247974395751953
13429 56.10867943501486 32.07489587402021 4.317643887156047 0.08975756998405726 73.3617935180664
13429 56.11276225820757 32.078586967474386 4.044160990297929 0.10404873803993799 36.19397735595703
13429 56.14552164958761 32.10914481644591 2.107455957038924 0.05966934531462899 45.832374572753906
13429 56.1541493809621 32.11241597280365 2.078702371464228 0.02835136946018428 251.48187255859375
13429 56.09884292210393 32.112748207106854 2.605588960048362 0.0502091451531954 95.52798461914062
13429 56.14619990548916 32.12672727179051 1.130907315516474 0.0511322739521213 56.02521896362305
13429 56.160797862873636 32.13333940551849 1.419916676450557 0.0678458912764781 35.35780334472656
13429 56.136637017764684 32.14354178049835 0.06624017675800999 0.03200393462735253 138.40841674804688
13429 56.161491806579 32.1448244247559 1.329346079550213 0.061847618077105586 44.89686584472656
13429 56.131624823219454 32.14559598670048 0.2392643611640616 0.061227123809533435 41.99873733520508
13429 56.163399106863025 32.15490282820785 1.586304584761476 0.041288728362987304 120.35702514648438
13429 56.06868567820078 32.165142851893094 3.635283755075932 0.08789270359867188 55.896026611328125
13429 56.147558079377355 32.16777648248116 1.598462462208336 0.030382208225965837 182.95761108398438
13429 56.089994368298115 32.17132480480599 2.85739138088052 0.0834676760743655 39.91992950439453
13429 56.100164708060866 32.18314640367807 2.990796562893298 0.09798920993392315 23.15581512451172
13429 56.167366506361475 32.19261307006504 3.380029782872875 0.09868751102054295 53.850772857666016
13429 56.10676514988153 32.208157853430436 4.159506703927534 0.15621663940725647 31.138885498046875
13429 56.16190573188076 32.3180094796065 10.57416671473234 0.47818082726597516 46.29957580566406
13429 56.074835586710236 32.20541309949745 4.836329293287814 0.21724258703570523 24.79157066345215
13433 56.14346420985443 32.10690072149288 2.502422981898047 0.08488462875501919 26.39527130126953
13433 56.02579786541726 32.11835543815299 5.46080995928956 0.37046029605653574 9.325786590576172
13619 284.1570323147406 -37.332703085274034 0.6083396641739434 0.10145049367386628 15.190054893493652
13625 118.08638378438818 -49.68097786268158 8.205172307221968 0.7777185952088546 9.109811782836914
13637 83.81420117424713 -5.433182107971879 2.822537780069495 0.04017687459830459 104.5551986694336
13637 83.81462744163848 -5.393716067428417 0.5940027202760934 0.056039558017381697 15.27706241607666
13637 83.83256140728723 -5.372643463100116 1.066503996914839 0.06851437059848124 27.575239181518555
13637 83.80484717566722 -5.372559652735358 1.316657328273565 0.048931270455988204 34.85883331298828
13637 83.80627236333662 -5.372067163671494 1.273106828246005 0.07312326724608387 22.153282165527344
13637 83.80594128005359 -5.352042204627596 2.283765561469781 0.050609324943426744 46.203304290771484
13637 83.83363751143787 -5.345540565433726 2.572718693927551 0.05760475755003837 95.335693359375
13637 83.81018112129557 -5.306832741402927 4.842881472313477 0.08106181683133731 101.58377075195312
13637 83.85241735416223 -5.331970636096361 3.764079622157096 0.1925523100089911 11.975831031799316
13637 83.83260606212238 -5.3113979892890555 4.566964844530538 0.26131378771433 10.455548286437988
13637 83.7631426945413 -5.3083563283425494 5.860084665077832 0.24130175523299133 30.81024742126465
13637 83.53013795652952 -5.196026270041825 20.83994143070713 0.4269745298804915 49.036869049072266
13637 83.7863461567365 -5.382400365302265 2.126337242622612 0.061821340700203266 40.46843719482422
13637 83.81737813888965 -5.353022019045808 2.038823558846552 0.05067288634745436 57.758331298828125
14436 289.1857060673312 -16.13822951392736 3.623425877012752 0.21009663554572466 8.556451797485352
14444 289.3247320669824 -16.09215351070546 7.571089728445067 0.4427140590637299 20.390058517456055
15546 83.8214411639577 -5.446067831654938 3.502829748278529 0.18763612734935067 16.180612564086914
15546 83.87439225833808 -5.396795634584363 3.137690990365853 0.17472750338365148 12.084402084350586
15546 83.84895221308733 -5.311152466205352 4.853891082517951 0.10565256921597328 86.49661254882812
15546 83.89314362355302 -5.44994077294746 5.627464212059519 0.23749572936951624 26.100387573242188
15546 83.82175442662349 -5.341127370820391 2.794891530576997 0.15102300870218877 11.10799789428711
15546 83.81998672510312 -5.317097860701986 4.239153767182666 0.15742199625351944 25.13102912902832
15546 83.93904280808333 -5.469719109092114 8.516949024727383 0.14049329668822028 134.1845245361328
15546 83.8675588718366 -5.416178008290462 3.179739751030421 0.11898245968899968 26.929460525512695
15546 83.81518522745385 -5.302736764313877 5.117346460754026 0.19292584816373495 22.068836212158203
15546 83.93909934032786 -5.3435504485141685 7.442773606108506 0.438430757586312 18.58751106262207
15546 83.63264691162811 -5.443072368820372 11.82648262759204 0.5219947553445671 28.147241592407227
15546 83.77346169152523 -5.422111788745645 3.591844659100666 0.06319779076441027 78.33036804199219
14335 83.85935538673215 -5.355147727978877 2.919788378877268 0.10054292382218884 32.48784255981445
14335 83.81384294767552 -5.317192013105612 4.206897416833214 0.06995003295731077 68.76383972167969
14335 83.81521933051752 -5.296436551571446 5.438418141007742 0.049096005524986136 261.5081481933594
14335 83.79653799318898 -5.326544301962852 3.928167731710817 0.20464537227868204 8.190696716308594
14335 83.81644644328091 -5.282580152288058 6.263181163726113 0.21456104693483827 28.141738891601562
14335 83.9131852222396 -5.276528785797687 8.56166016548443 0.3587940891123393 45.281307220458984
14335 83.86816180827041 -5.417551690561229 3.305836151134359 0.05755428082909816 76.1246337890625
14335 83.82997925839052 -5.380711067712628 0.5896920832146517 0.03569113770785147 96.9626235961914
14335 83.80656972122453 -5.342087419255564 2.841712455610133 0.09775440996017568 21.338088989257812
14335 83.83032941078618 -5.335524877565009 3.11469376927908 0.04657380115669608 102.09507751464844
14335 83.93127952699615 -5.346796197728024 6.942224575553356 0.467601544811233 18.55669593811035
14335 83.77158981622154 -5.24737919948781 8.896035345261627 0.25314180232599587 65.40644836425781
14335 83.87901452857325 -5.3670059165186395 3.593787896556458 0.08543895005039405 60.27265167236328
14335 83.81099615006944 -5.345069040069241 2.592739247541807 0.055893262892920674 54.169620513916016
14603 58.1699910268464 17.10258626696707 5.403687094415175 0.2105289916374828 50.53223419189453
16663 358.56864977650025 -33.30804667785654 3.721456806779628 0.2174929204495657 13.714441299438477
17251 56.62627086537593 24.085335220958164 3.780897088216159 0.1652153536836012 10.23758602142334
17252 56.5981024422918 24.03061687871242 5.469969424070722 0.16936790483095493 36.43003463745117
17252 56.60604420690998 24.1598264044668 7.516788800904822 0.09033622398753428 211.1034698486328
17252 56.74744888209096 24.028331964119815 3.657497958741467 0.09626057174469235 46.27916717529297
17252 56.82592196794591 24.036242433671863 7.508710995063054 0.13028083895457673 129.7229766845703
17252 56.64829328171757 24.026281996030608 3.207421378448461 0.14806544688017287 24.57032012939453
17315 343.32402792329924 -14.266528509884258 0.08586657212338812 0.0219543691194095 335.9591369628906
17735 83.78997093220674 -5.472955683714199 5.336000225860319 0.08701192114454326 99.33053588867188
17735 83.85185449126428 -5.441995748916968 3.5490068525625 0.015300022806536738 765.9227294921875
17735 83.86427657667622 -5.441082414969763 3.920473434420901 0.022313597612268164 635.371337890625
17735 83.80919860282133 -5.436827546130316 2.909666744302231 0.051004828273682086 69.05298614501953
17735 83.78448945364093 -5.409618488695038 2.573688592071761 0.04187217142465035 68.97069549560547
17735 83.82645330699191 -5.4073560012970345 1.043821565308253 0.0814570096693383 10.343632698059082
17735 83.80861946540277 -5.376731820186813 1.182299736099119 0.018989293033522016 117.94564056396484
17735 83.81188172302777 -5.375370095920986 1.114297746354219 0.012414383213912231 248.81692504882812
17735 83.83313372534502 -5.364949635835702 1.638396215892958 0.028357992629107355 87.66631317138672
17735 83.8233184267336 -5.364880899360208 1.525861920154829 0.022780302610155834 120.86572265625
17735 83.85587200390984 -5.364257967284081 2.511523923502902 0.021425139659173743 335.28460693359375
17735 83.83679181844586 -5.353676908948062 2.348060635696487 0.07215447376055488 22.38805389404297
17735 83.8338333903578 -5.221030884175531 10.17745557374858 0.07578779339491146 302.0545959472656
17735 83.93674089987636 -5.409481482211702 6.893022415032759 0.22561410242435742 38.80275344848633
17735 83.8228107743317 -5.3436302243601705 2.800769755494589 0.11983795643496306 6.880227088928223
17735 83.90857970342624 -5.340954983855595 5.909905018700544 0.18640538702459594 45.27310562133789
17735 83.86031660138478 -5.298951863886542 5.918256200103921 0.25345841815103165 20.182147979736328
17735 83.82307284207468 -5.428473860592332 2.28987258764588 0.022473584545791903 209.3313751220703
17735 83.77612230202107 -5.3673490967234425 3.118832642827124 0.015056487563548835 601.6168823242188
17735 83.80903575454477 -5.4390036351922815 3.037784278911849 0.12579719392744695 10.83777141571045
17735 83.86454483076766 -5.457081740146854 4.713767742399962 0.10587452836143078 50.541255950927734
17735 83.85045808104319 -5.36535808294854 2.222346102843017 0.09010552628280305 19.24509048461914
17735 83.83335795997803 -5.422757775071377 2.04351071643982 0.03925059676411239 53.2506217956543
17735 83.78264286774892 -5.488040557666674 6.339162179654954 0.14339621554984872 50.79830551147461
17735 83.78584605709152 -5.270551997603398 7.519810198383085 0.5846571859471414 8.336549758911133
17735 83.80664276603157 -5.4070744339846675 1.400798314380214 0.038146429047199074 54.42232894897461
17735 83.81462965928804 -5.39365420014024 0.5367345637458397 0.06720441931311076 8.35840129852295
17735 83.88236659569269 -5.492679335646174 7.093362297397084 0.16891298547223002 60.31058120727539
17735 83.72943891786576 -5.331685359663342 6.601974414428423 0.3906879105029746 7.325337886810303
17735 83.84791187509256 -5.315789118821415 4.713074576081711 0.07679417903648969 57.87504196166992
17735 83.92690622567608 -5.459077035083765 7.454634886204468 0.1259375990746741 110.60411071777344
17735 83.82999572347414 -5.380679054094816 0.7143892861010406 0.013660086471775202 278.0431213378906
17735 83.85102649062682 -5.421789136176058 2.525367195228962 0.06920751663563413 28.708459854125977
17735 83.8045424880285 -5.353642404293397 2.459872436443947 0.06663022867702251 38.84061050415039
17735 83.78773832363878 -5.499770428705576 6.896431961803216 0.1323214523210194 98.64544677734375
17735 83.75855064717987 -5.443268970942314 4.990010425692633 0.04443991140752918 226.78794860839844
17735 83.81978534614511 -5.401093643085163 0.6743218924375605 0.025702995136805334 106.58226013183594
17735 83.71910806984842 -5.400942207820789 6.236419662841006 0.09828536456463223 103.65311431884766
17735 83.83165976959188 -5.399182597637937 0.743836948976434 0.023755133865545775 135.93577575683594
17735 83.86369879152419 -5.3934390062786495 2.440549773076975 0.021920100655619102 313.2561340332031
17735 83.8120874482761 -5.377502004481148 1.006273194873231 0.010335775149765206 345.06976318359375
17735 83.81132169097648 -5.374837031841005 1.15992692074797 0.01740469082472656 115.0151138305664
17735 83.73676203345364 -5.360007059744054 5.460885478063213 0.07611353194306666 95.23494720458984
17735 83.7995363734468 -5.350793662929417 2.753151355008111 0.02143035613433983 394.78948974609375
17735 83.8474091251297 -5.313996045635482 4.80604816573873 0.04722902195737881 178.56288146972656
17735 83.81518551967245 -5.2964104233356135 5.653070172782999 0.061121026097710536 124.41606903076172
17735 83.83741948951975 -5.277015314247879 6.852289587569859 0.06646166406353408 104.16143035888672
17735 83.86615928851123 -5.467209408828706 5.286402875907521 0.15257898626716204 35.565834045410156
17735 83.69326192642906 -5.408713864300608 7.825850818249038 0.20058537589632167 55.86945343017578
17735 83.82623675948068 -5.5282188344659975 8.276871258580538 0.14865777640172884 99.51758575439453
17735 83.7662964460433 -5.484164651467235 6.570231078626771 0.08696038793708709 127.0556411743164
17735 83.83347998061542 -5.3515874232870875 2.406762160677106 0.010672695179526797 717.1871948242188
17735 83.89678759338213 -5.3571791840901914 4.837296300072555 0.08515380017389201 140.0906524658203
17735 83.83185217835815 -5.407309024763835 1.149900663390367 0.025132654573557213 127.16881561279297
17735 83.81200550774848 -5.373677991143469 1.193416160441112 0.018417015680939786 117.99342346191406
19940 169.14038189340948 -76.50419588688334 5.46888062919353 0.1724127764832818 46.63788604736328
18926 81.38906366375062 1.4175538442838442 11.49329750767599 0.48871086473480224 23.392559051513672
18927 83.87398106077137 -4.997347956823227 0.2244992878987654 0.13006678604469318 11.87867259979248
18927 83.76989467346294 -4.87882503692644 9.665032173429326 0.6574498139117334 14.105451583862305
20882 83.91043234168086 -4.994811493397779 1.989121189111706 0.03142632021196389 227.3861541748047
20882 83.86747829018067 -4.977167349206278 1.443429374631733 0.04631827298510574 87.4649429321289
20882 83.77348144977476 -4.981710298025939 6.300224575305638 0.273750904663643 27.043153762817383
20882 83.85128808869162 -5.022413655616313 2.09781315597648 0.0875788723585957 32.06354904174805
20883 83.76914723182502 -4.974995354753297 6.65176553639373 0.5516581675494998 9.504225730895996
19709 285.39105911207696 -36.962596928975906 3.339365341644564 0.0399565914584705 292.24853515625
19709 285.4183730431444 -36.86185071793224 6.326645046279602 0.10310855400823879 125.5309066772461
19709 285.42004038428183 -36.87617195750766 5.49074723387798 0.016506933641704205 1212.0560302734375
20617 4.628939926903892 44.02894709800266 0.7702535643629248 0.0704622369024067 37.88855743408203
21854 83.86151941968305 -5.348063559369133 2.825209860208965 0.12762147170001756 20.5256290435791
21854 83.79069037338598 -5.35779904501676 3.613223439072862 0.044360753130914574 174.8458709716797
21854 83.87053524526232 -5.2717234193207965 3.419782940546569 0.14438540366163818 26.302474975585938
21854 83.82085520162828 -5.375802465571101 3.842380614081296 0.06497918613204103 46.713157653808594
21854 83.80433061751059 -5.34167275066315 2.348599834753959 0.05575082243198133 56.80934143066406
21854 83.84059816978187 -5.329516112505214 1.185276850124961 0.07562479923952876 31.302379608154297
21854 83.82454880645258 -5.309774714741281 0.3929662092520237 0.040713794980867794 81.07870483398438
21854 83.71138563003964 -5.400469879890643 8.861464168938536 0.35726049889566064 33.143638610839844
21855 83.93956915792558 -5.343974105696196 6.81666305730237 0.37259356231212665 9.420994758605957
21855 83.84009418317939 -5.254690510935643 3.529997888383537 0.12349935617778005 34.32701110839844
21855 83.77162323710081 -5.247297759733589 5.243029913804159 0.16080053936586958 66.89830017089844
21855 83.86172704332854 -5.245586111800459 4.450196792355347 0.20133711146669167 17.418119430541992
23256 71.73153189376319 -26.415531204923425 5.59453078662464 0.11274068370156681 114.25222778320312
23406 65.43543409876051 20.40268425599928 0.1226143472128736 0.03571338288607763 154.4210205078125
24386 65.3791540433976 20.498379778768868 6.940736538028655 0.48742258466454347 19.45833969116211
650 52.88115861946755 43.94670809832209 5.106799454763125 0.18185297415760007 15.715834617614746
948 287.6682792131502 -59.97820933510305 2.213343838302899 0.03551586982214098 122.09437561035156
953 6.026727724789625 -72.078608481082 1.017884522566295 0.023418740303984446 136.0038604736328
953 6.017850709535106 -72.08277007655576 1.018073186601814 0.016458851798167716 268.1595458984375
955 6.026701184685439 -72.07859398672593 1.027647862779551 0.03729963240647359 62.330989837646484
2669 265.307408797073 -53.564275404667896 7.263108256220002 0.42731348014427 17.846813201904297
4536 10.457547322421032 41.01855664303234 4.871344194792016 0.04279191353455512 351.7154846191406
6167 11.570103449813375 41.61574125549141 6.249498183343981 0.3246044630448264 26.95824432373047
4546 355.8998097373449 -15.321104629165756 3.568582516215534 0.06400052694737329 125.12840270996094
7453 137.8455705969012 -64.90524186913623 4.65913359716628 0.34741013450186065 10.021321296691895
7460 265.07347671217536 -53.66043057430297 4.024297898981505 0.29738922601559187 6.687150001525879
7461 265.15619951068004 -53.696505237101185 1.575880945395213 0.06638440370966946 25.525922775268555
7461 265.0061559846717 -53.707507665720435 6.64705820563479 0.2571047241249542 27.437440872192383
7461 264.9453408578846 -53.71342497636632 8.82510174866722 0.7533577633043351 3.381028652191162
11024 262.6070134935548 -67.16017085811285 9.879912620754514 0.45112590416962794 27.204280853271484
11029 322.52979103799777 12.111953123036233 4.009595415288946 0.14461094805891014 13.549971580505371
11029 322.42185727092624 12.095169018967438 5.951983321784409 0.1348163551091743 72.3533706665039
11029 322.4922619858966 12.161061518234867 0.3776302635036514 0.013986142073977765 218.83958435058594
11029 322.4933322878008 12.166985370867147 0.1091584141016649 0.022602196567039327 295.6145935058594
11029 322.49242655865527 12.166743976243186 0.06406067975510071 0.019285074167214505 307.74029541015625
11029 322.49171609313316 12.166960854795285 0.02451107859303788 0.020599212583669035 274.4687194824219
11029 322.49338868076563 12.16792626469877 0.1166880475185262 0.0 139.7870330810547
11029 322.492268515462 12.168027460521708 0.06222173469167287 0.023083048651489465 282.9637756347656
11029 322.5307206142354 12.1106213607045 4.106335361419579 0.2147017336135203 25.170034408569336
11029 322.53018042264875 12.112698391688395 3.985588374244836 0.11266361653463897 23.238733291625977
13675 71.89010389627047 -10.200891311445652 5.145186755874334 0.09556333089642274 80.95083618164062
19013 287.71295558403284 -59.98666961442069 0.2559764002300356 0.027569188691435372 161.7990264892578
19014 287.7142689590771 -59.98475307650687 0.2673577515006249 0.022781937116609016 158.24363708496094
20123 287.71324096962564 -59.9866788891994 0.2189391489215315 0.026424844598313162 158.34120178222656
2735 6.093815365830667 -72.07330536737834 0.781276106335632 0.09192912946260529 7.060482501983643
2735 6.026686830909081 -72.0786444213173 0.9357961701687592 0.014849397573432486 210.10020446777344
2735 6.011828105158806 -72.08034547046887 1.166151961335714 0.021562558101338104 114.4021987915039
2736 6.044181529897609 -72.09145857546343 0.6434329183312555 0.07898673857221736 8.850432395935059
2736 6.004059211895325 -72.08149492043883 1.267571972940766 0.013525539931126021 286.6405334472656
2736 6.0266537035791465 -72.07865331492391 0.9146953544443086 0.019143036845270456 143.6325225830078
2736 6.066290812735305 -72.07680204081055 0.4977589612840888 0.03257370716796873 94.30757141113281
2736 6.084614173818143 -72.20275602163466 7.073983706566853 0.517133718705591 13.78543758392334
2736 6.032600478234878 -72.07824890930046 0.8273508899279316 0.03928074845733313 44.70158386230469
2737 6.004099748027287 -72.08148636696356 1.277940016344859 0.013095920957229504 331.6683654785156
2737 6.046226022301075 -72.0789182250423 0.6165218665306067 0.05368918826756105 29.22388458251953
2737 6.026671014435073 -72.07864174623609 0.9323023517872278 0.022792175918832855 112.36302947998047
2737 6.014530780644804 -72.08483526962539 1.064156234691555 0.014602440437779373 268.4051513671875
2738 6.004044612052963 -72.08147858782534 1.252740748811235 0.009584236278388494 548.2894897460938
2738 6.0266380916004545 -72.07864428037672 0.9471958806628634 0.01637321169296305 209.3666534423828
2738 6.066237767365467 -72.07681404216828 0.6472362216496906 0.023848979382266666 134.82496643066406
3810 76.8422159434307 -68.79944139248889 7.689157213695558 0.2861703793368438 49.64761734008789
3810 77.68875265532255 -68.94125293312985 14.97718498505894 0.5191467459971457 25.85381507873535
13733 283.82665499387633 -22.755289100853886 4.540310148498869 0.26184477702197656 15.355729103088379
13733 283.7774041079933 -22.70122757401678 0.3350501662012047 0.0224429254263033 284.677734375
14664 17.45063891692039 -72.67266394891594 6.919609899525527 0.49373926406314556 9.434571266174316
15497 17.977358601007012 -72.76591950387841 3.608377353375719 0.20685543055969186 12.448843002319336
16320 17.977072326197696 -72.76589219985027 3.602323087903795 0.13305233408634434 35.497005462646484
14667 18.11608044628005 -73.02968693927846 8.624670578831445 0.36548520586854477 32.61153030395508
14668 13.62148985618616 -72.51860143643718 8.374198508122905 0.2061931619633209 74.56168365478516
15501 13.716269300586601 -72.64021791855228 6.824353889673632 0.5446438966524706 13.41203784942627
15646 17.43178065246458 35.787921256150675 5.527591020348722 0.5219754780634502 9.557193756103516
15748 6.0038464155769695 -72.08159125852183 0.2688990415519865 0.023254900153170478 169.22816467285156
16527 6.026845198863145 -72.07864666851697 0.5277905860663885 0.025935821540461826 138.76100158691406
16528 6.026410515822246 -72.07870758882038 0.2792189551289921 0.05584481483695118 22.751953125
16745 64.37744392768906 -62.78639642479086 0.2288576478301261 0.045706586607034985 36.91162109375
21676 349.0458970851943 -42.58516571121305 0.09242208521021031 0.042709733906343875 99.04462432861328
766 70.2115645023743 -2.907572458866254 9.309372785492714 0.17727839065935447 113.35408020019531
766 70.38733976097986 -2.8574003664402845 1.732807742939049 0.02688249989789011 128.45582580566406
1967 83.86438184073045 -69.31301216100954 2.537897551376135 0.09551131818196731 14.621045112609863
2758 16.675436248743623 -72.27603990057396 8.585405032644681 0.5906164373414832 3.8966736793518066
3847 73.23475089850508 -67.19502674596009 9.668976208333719 0.14737497450060688 118.10860443115234
3849 84.92221864746074 -69.76559034299864 2.280732705607123 0.06859340337185953 39.75544357299805
3871 62.801809184749494 -31.403953794961986 3.043196244825384 0.1259552273640778 14.642131805419922
4449 22.534292237850238 21.81805106110017 4.742742697532066 0.20174883625347123 35.69664764404297
4613 35.60978901208967 42.30922234270746 1.170967663955939 0.03747461672874492 72.99937438964844
5306 325.62252709645264 12.556182804227078 3.297350820832186 0.07814466238680841 89.00495910644531
7266 81.40995884688999 -69.59533135187088 4.515982702305442 0.07647142914865668 142.99520874023438
5536 359.04547312901394 19.63216007641282 2.703635407542973 0.0448451391544037 119.46470642089844
6307 50.409882344188865 16.84522303172319 1.319351014621913 0.0429603538141111 75.62401580810547
7241 45.3265827890609 -0.49633043501683155 4.026662718045137 0.0823885140404051 74.33900451660156
7569 95.22480660868158 -62.38772094147701 4.448650938548533 0.11563830894857266 59.27106857299805
7573 339.7995520098283 -40.14295330453352 7.257896689181015 0.3569014635776569 29.02336311340332
9087 95.43147876019637 -62.367326599582924 1.454236212239003 0.03928916122329559 85.76856231689453
9100 16.443171562603904 -72.04340244470072 3.653400908787032 0.17262400722094437 17.94655990600586
10116 30.97233586214203 -16.97499260344554 0.1068241695271699 0.04985211723967547 53.973548889160156
11980 12.739584836234245 -73.16914366430076 11.26202434136919 0.5094103345420216 48.67340850830078
11177 107.74318296922571 -56.25290792635091 3.958208278164764 0.08149184481005091 90.59185791015625
11177 107.58229127601548 -56.417738670894 9.885813373748483 0.29853365110529 74.40328979492188
11177 107.45401361175458 -56.372009502993876 9.042591425668164 0.28710844547769426 51.26021194458008
11241 80.07787509752102 -69.19389016584675 10.39187613562066 0.772419752421533 20.836557388305664
11821 16.176302277007416 -72.90122472342976 9.26557476110225 0.2490259749412367 79.3174819946289
12702 280.46683642794915 -28.535330158045376 1.948824386260903 0.04190045547813662 93.32123565673828
14208 59.37137185395656 32.15539834467752 6.541362219352941 0.12328587473118613 136.94107055664062
15632 280.2274362974035 -41.813017538128655 2.537180595513221 0.061030814448336995 86.55899047851562
16000 24.184014178367534 15.805133025629264 3.292745716466511 0.1770846966128583 18.030746459960938
16002 24.212789933423018 15.763138487754667 0.9124927406203597 0.015363109535180457 475.6602478027344
16002 24.052512960374393 15.833056772203648 9.343622553510361 0.1488697187160373 157.58428955078125
16957 313.97702075587034 25.6094674765852 2.698811962626427 0.03133463113390348 232.08924865722656
16957 314.0396842690474 25.74732236712014 7.536333640223875 0.12801452652862094 118.81502532958984
20074 77.32160865380686 -68.68128506618055 2.999790849627675 0.1754723958644239 11.910409927368164
18341 339.2496553177028 34.261062922842626 9.106227498234215 1.0368970890656533 7.771548748016357
22442 77.14510861957423 -67.5195332239743 5.340567530625644 0.4273579843903372 11.526541709899902
23022 77.82245536157369 -67.43193051112497 11.40575368333342 0.838214219027445 18.642013549804688
23577 80.25923297616194 1.3358403793375384 1.569952857244898 0.12108495767587253 17.637279510498047
23577 80.39598447028504 1.3064450333264646 8.39972692270831 0.5543826271906019 20.301956176757812
5130 16.44381822220953 -72.04361179934341 7.212109952041345 0.7499127286503474 6.304986000061035
6757 16.480243067144947 -72.06404986156029 8.936799827786338 0.3052646351721855 42.7988395690918
6757 15.405931284458028 -72.07183691495861 11.91169441436618 0.5062764964534948 45.42142868041992
786 23.424567952957762 30.64697809762126 2.215022477976301 0.04356810834483063 94.3290023803711
794 35.688801222494504 42.28550760401783 5.653360570742712 0.1601086295990838 35.983821868896484
794 35.6097575388301 42.3092635765192 2.459603629110174 0.07428697204930501 27.00733757019043
1575 10.682584873331617 41.27482982341962 0.6703325636361249 0.04027179673561875 35.62586212158203
1575 10.608512050725757 41.320853515602714 3.669518897898628 0.06406762281102109 139.7466278076172
1575 10.78594029713205 41.2134618783883 6.608132407493192 0.16100859774362886 64.56878662109375
1730 23.42454769590388 30.646915091821626 2.332828535986232 0.04962764022906271 45.29150390625
2019 9.430515592015956 -33.82008091305062 6.847485748580223 0.21668937911982863 33.36272048950195
2022 50.713507062387166 -37.16364363818597 4.352147109867331 0.09296834879188065 63.915348052978516
3432 80.09243208972127 -25.386107969524637 9.014265628231888 0.4244599200984911 36.14815902709961
2056 12.842893448970052 47.695850805706584 10.84372518976824 0.5309957783925029 35.84242630004883
2057 24.212835019435456 15.76308165301198 3.531896364509663 0.0613169459966836 102.7707748413086
2069 74.27539256545133 -4.7158603930547915 8.136602514640273 0.45171422272700124 21.253952026367188
2069 74.26099992404954 -4.710515737846322 8.326042792796123 0.6296974883459648 12.896443367004395
2074 350.0081935306009 8.176696547941527 4.865905652939646 0.20609903872860844 23.6456298828125
3931 11.884149294719457 -25.469274831320206 10.7376769485657 0.6863764044919023 20.643354415893555
4448 283.7689693163855 -30.442415919474087 2.436618728042132 0.10654699868353444 25.560007095336914
4690 3.528592733652829 -23.118875365692272 5.736794197097916 0.30449484240200114 15.737058639526367
5906 84.63918532186132 -69.19973344898546 5.678241735839865 0.1724897006665915 49.9191780090332
7402 23.66193197284648 30.917979714609974 8.732532449482592 0.19919925347802317 80.76831817626953
6382 23.392273334286166 30.53651531074225 9.94547315118653 0.06158647539984199 408.79656982421875
6383 23.424698924874292 30.64693934840054 7.021260709039951 0.19691115536346776 46.1399040222168
6383 23.198580540177836 30.78630672097484 8.204598095684538 0.48942882462665144 12.29741382598877
7170 23.224595054092077 30.553359515281024 7.512718015339146 0.18521094003667327 86.46661376953125
7171 23.17207898875748 30.538372879823 10.08161626141486 0.9229412576526493 10.521913528442383
7171 23.392202021891684 30.536487469057242 1.388118911149336 0.012784767140358295 814.0323486328125
6385 23.153791854139957 30.5410729476264 11.13992193325677 0.18217903707670371 110.634033203125
7208 23.424720106068314 30.64680963986604 9.84973225483605 0.5574669706971638 25.011484146118164
6389 23.512011841685794 30.697760311420822 6.967488849869222 0.4670298935987377 11.431615829467773
7060 324.1359487884658 -54.56039365071687 2.027446422602686 0.1160578466093444 12.47934341430664
7155 13.620352924129568 -72.51861166070454 6.25725776539309 0.16082902104244762 60.21024703979492
8173 343.8470286672989 0.8288073003395732 9.899363538271928 0.6204540366400747 27.324302673339844
8197 40.130342428888405 39.059335946683106 2.218784094009115 0.1331400860162978 12.459378242492676
8464 40.25571404961497 38.939413724093846 11.02242399290746 0.4147179218053053 12.32902717590332
9525 8.192769848934164 39.70808550369296 7.716141819971734 0.5081313638314231 16.554046630859375
9550 33.517018711519334 27.877619189038192 0.03885327158632271 0.01588556425653331 353.93109130859375
10546 331.5040605685033 -50.191963514665424 5.229396328622372 0.22063263660316376 34.353694915771484
10546 331.5130614608019 -50.15319130358703 3.369209606101903 0.09318372600987695 44.1878776550293
10563 36.376624005767255 -24.702324651269503 7.902312379696622 0.3397044513566183 17.38983726501465
12238 13.753917529402537 -37.57795187994043 4.6665369726621 0.29438608927217474 12.362852096557617
14899 37.67475824701776 29.48553599499759 8.796490136139123 0.3917509965016198 28.634227752685547
14904 345.49250178555906 15.948703559294035 1.620122791150634 0.0841585700527913 13.364900588989258
14925 98.9788302813982 -80.13738499348945 9.749227857142184 0.45819051565282887 28.554542541503906
15384 287.1875389521393 -63.805073038421504 7.618822016487054 0.3706287700406004 31.161090850830078
16013 12.49678056375822 32.28273179144959 2.630103710640074 0.06411090952651277 42.71614074707031
16345 55.575938494272236 -47.30657198314974 4.204276542580029 0.07492521507266758 88.79965209960938
17008 10.91281351504772 41.354611056936555 7.409475261448598 0.3346287768352914 33.42392349243164
17011 11.52431058206342 41.71737172807838 6.517529195771504 0.30857030893184045 13.408463478088379
18454 287.51061018713074 -63.83471780955283 2.04988511455685 0.012674978584444762 975.9188232421875
20343 11.823231108062151 -25.303280898490748 3.749011672775092 0.02080119365452974 422.27276611328125
22912 67.94328885639155 -4.99019292122813 5.172549259330565 0.22043165313007596 31.22615623474121
344 40.685109731533856 -0.10909136576800355 5.262395206840971 0.05299248757115825 352.10540771484375
344 40.65808300910777 -0.021600994674486187 0.6095243850336197 0.02889088295053214 73.01595306396484
344 40.66545046780196 -0.01701885183245046 0.3957735545651473 0.02462462859770763 74.88428497314453
344 40.662030946663464 -0.015294094882539952 0.5919752975957787 0.013318232222475992 167.6666259765625
344 40.66948094348975 -0.013665891651388436 0.5683179419813907 0.009617354613737826 428.2742004394531
344 40.669573982969325 -0.013270646354560385 0.5925883024040887 0.0 296.3555603027344
344 40.67022655095428 -0.012489096661955724 0.6454625676881696 0.008817605801664482 1040.881591796875
344 40.669615247170476 -0.012736373377331885 0.6246681421739407 0.010277987608653309 523.843505859375
344 40.50385866711188 0.006193420650553164 10.0116880113867 0.19415800012359663 95.65033721923828
344 40.530472552361125 0.011104774027861808 8.510290712898021 0.23926509828187115 64.36534118652344
344 40.53681486420701 0.03458999194342625 8.604825295165025 0.2601113093324172 54.65252685546875
885 42.88370493486552 43.28219243294215 1.136050377714674 0.04595271615693959 42.45746994018555
2129 24.095648857918835 21.004934403674998 3.430839844242954 0.022429904570630932 540.4371337890625
2968 298.0966905088293 2.5522142025483916 3.678271638007052 0.15684758669425775 15.510734558105469
3012 76.84296916793853 -37.43970024068281 6.456386988591224 0.2693725820612606 26.977272033691406
4369 80.20568085037893 -45.69199487990708 14.97342255519584 0.1919507220441431 181.898193359375
3419 63.70114272810614 5.51592512094922 4.150298825316614 0.03738538854868948 428.088134765625
3969 100.55145109126398 -74.23612644226122 3.807334265359944 0.10386740943942256 39.35445785522461
4062 76.68677721975321 -31.88658870680426 6.245423899715925 0.11017413189347564 108.77521514892578
4062 76.77817721461076 -31.869820454790272 10.65992871753857 0.3709350165963833 41.93905258178711
4142 46.40613957153601 35.258777613748094 9.52491257170247 0.39403254256836595 56.29185485839844
6791 327.7238482975008 -5.888277848962804 8.844821315443882 0.09505355523504856 183.11453247070312
6830 14.737321022359621 26.953903639382812 8.984102326888838 0.20115222182012657 55.20425796508789
6864 36.27616907451395 -4.479652140510988 5.071787626593776 0.24938354827359765 22.555591583251953
7801 24.929675617127806 -10.505590070711735 12.64743015939432 0.9521014987538654 13.636093139648438
7803 97.02458987235869 -47.10175796002713 8.653726443598023 0.35973472186717104 50.61357116699219
7803 97.0931656685536 -47.01503155379439 14.09537141181778 0.8747741480621676 23.449525833129883
7878 312.77443158834814 -57.22856286631588 12.2870956847278 1.2586112851846392 8.748215675354004
10267 49.25765338117796 0.04927168251341265 7.413627807568912 0.3481158180419107 34.786922454833984
10320 33.8336142519652 -13.016410895845384 4.432967128137346 0.17088564303311182 34.5790901184082
10351 351.473159135908 10.076889751586679 1.882246923922793 0.048367266503151526 64.82884979248047
10351 351.69290947283076 9.896823989292239 15.22693960974429 2.010474064659026 6.536593437194824
11586 79.85969475977711 -45.76508439988848 3.187947350476851 0.041101704065679194 328.2899475097656
12039 79.98139490555512 -45.95709341040684 10.99316459577112 0.5453834923527627 28.823387145996094
12040 79.95765339110031 -45.778727912925596 1.007798441780701 0.03348304744454589 246.2354736328125
12040 79.99591032864397 -45.746968814136075 3.17191290568992 0.06995944579974728 99.37504577636719
11668 320.9697862007959 11.725368701390442 4.974139260081818 0.26109535784783044 28.661632537841797
11675 325.0370477353526 -63.85748274562707 8.331376586149227 0.5347145728171561 25.52785301208496
12799 38.1384407992323 -21.290176267116887 0.1161353641721331 0.02621948937918318 126.2310562133789
13373 329.5595760610136 -15.09985500957462 5.398741021755042 0.4904209279011179 11.735533714294434
13925 10.548437228801182 -12.818849678138918 7.193766490125371 0.3269870050395303 43.14445877075195
14357 80.0975663777727 -45.725588957849574 7.354105739634456 0.21600433285971476 45.5258903503418
14489 69.51720152405765 -12.271702220884599 2.739099199773347 0.0764711885649503 41.20110321044922
16498 314.56247254343003 5.366454418283163 8.30246210202746 0.3553080372883464 48.75703811645508
16046 17.60691747403609 31.747245950778407 2.76375213386996 0.06738370173431675 46.60455322265625
16100 5.300352232295122 -5.502050433241853 13.73763320557282 0.9044088941718862 19.390390396118164
17128 9.267105959609045 -1.1523231783495607 0.09924042162566268 0.008454740773679739 1208.697265625
17128 9.257938579836964 -1.3197755482145714 10.03620159300323 0.21403488094030346 76.27490997314453
18639 30.09889594352558 0.6456096721693584 8.557244601543683 0.5055449817703095 22.957210540771484
19524 76.17651103916573 -38.06048639304153 7.840892528001667 0.6596822960390496 15.665790557861328
20368 31.551877619693265 -0.27762562346975406 1.322309764589532 0.05873860212345791 53.67072677612305
20442 237.5386960406491 -78.14800684743477 2.90047965218455 0.1075891448810243 24.682147979736328
21415 352.4059709632085 -15.29231489651015 2.82772215234902 0.15679210510743583 13.96267032623291
22096 19.786124690556584 -34.19178231860669 0.1993806977379843 0.042544243545668485 108.51840209960938
23358 293.3521390678248 -39.557889496988466 6.973232965156114 0.7095969534335561 7.338864803314209
23662 35.953694879615696 -9.201542232645245 11.83047248223595 0.9967562892280141 13.800305366516113
1667 314.1032017774322 -4.593125403636415 5.452388422940089 0.3734137508627484 9.906383514404297
2215 28.163603660967297 36.20910164620064 2.501176628254305 0.056118733978579353 68.75483703613281
2226 348.21974937711207 -21.603349291139153 4.92597031283013 0.1616560729344784 30.46515464782715
3181 36.12326744709549 -0.005706095467948855 3.603249908980517 0.16697959955206765 11.031803131103516
3184 104.37588714426798 -55.98378038932979 6.503589810079358 0.3182210178630957 17.03316307067871
3184 104.40282447903607 -55.810764631827944 8.749989019722697 0.610418904311414 10.906020164489746
3191 302.43550368489286 -48.24571228312927 6.401281402442976 0.41918615345680194 8.690568923950195
3202 90.62073409859057 -40.04639051552502 3.98498581812022 0.0988003768653764 31.01439666748047
3202 90.64064556305732 -39.93623957586031 4.560241008709845 0.1322775919019618 28.951183319091797
3202 90.55182076656033 -40.105302179594126 6.90434051918277 0.10110866049905425 167.9066162109375
3230 44.47143818287331 13.00460864751338 1.284016274855442 0.038211551264543675 52.41088104248047
3265 29.963588055745525 -8.839364529133809 2.34841529200252 0.057568461961536394 37.892677307128906
3265 29.95562573563322 -8.83287679340549 2.219381409707864 0.06938192661628143 78.04843139648438
3265 30.163145446979662 -8.765041791811962 11.26046177061921 0.4051708464202664 65.88435363769531
3271 67.35116810053755 -2.8470483564729463 5.599080332269924 0.14024083192074865 71.48101806640625
3580 28.225254661936983 1.0760763361157968 6.880202803502534 0.19381296045182264 55.0311279296875
4170 54.19420888462385 -35.108207244710854 8.6547187752183 0.2880596233297887 52.14373016357422
4172 54.715058545575936 -35.4456753214911 5.62307279456007 0.10544895173436394 88.84883117675781
4172 54.68142604053591 -35.56375809313485 9.237477423323535 0.22354169367203855 38.027549743652344
4174 54.536590588166334 -35.57197711212681 7.139297143533009 0.09263107663812717 177.45361328125
4174 54.67239462446998 -35.52618405183798 1.050006067470239 0.02343635533669571 262.6156005859375
4174 54.71496350604853 -35.44576923207759 6.099297124876751 0.14172354430060208 70.05986022949219
4180 14.113197179243778 -1.3560936714269154 7.18868090812146 0.33384026484829876 25.425992965698242
5353 329.1777483809539 -4.8317163775649945 3.373402161675509 0.11746257247565807 26.723567962646484
5353 329.16103408715435 -4.815434386899766 2.320438115766482 0.10295649097556157 13.969606399536133
5353 329.16380258334925 -4.802421299719462 1.529342340190228 0.07014076323112692 27.785167694091797
5353 329.1300048842383 -4.801467221819015 2.55512107339275 0.1609469426719517 8.774772644042969
5353 329.1363682570072 -4.794571030152356 2.009400539904844 0.06181211997641209 27.754358291625977
5353 329.1611649891375 -4.794135962358719 1.055259545782549 0.1013618420877452 12.242781639099121
5353 329.17103995249425 -4.775082627382904 0.3809844630095616 0.09869202210053771 12.880996704101562
5353 329.12392322222166 -4.830244717802266 4.029863497758919 0.255601549777999 6.9471940994262695
5353 329.1912421894006 -4.829679776416209 3.53231012688953 0.21870260160511765 9.64398193359375
5353 329.262768418492 -4.825816734055462 6.541960504422546 0.17120288390142016 58.57801818847656
5353 329.1120114593499 -4.777916257577051 3.165939202272252 0.2421866561968808 8.969482421875
5353 329.1093767724573 -4.738442550567547 4.04759374010453 0.2171266642516003 19.677587509155273
5353 329.0832466563405 -4.718023904714831 6.0309162728529 0.2494808599180393 29.438222885131836
5353 329.1333429676628 -4.703073979824961 4.819154949959351 0.1475842257964775 64.3971176147461
5353 329.15279214905576 -4.694860356453768 4.979237071565139 0.32036464225730654 17.262117385864258
5353 329.2905268515344 -4.869494611557203 9.337760374069447 0.3299332542599773 40.084808349609375
5353 329.10020743566906 -4.706785144976104 5.719699244837078 0.3080793513634356 22.871658325195312
5353 329.1638521731146 -4.674168909191007 6.167697773986367 0.36154245446724037 22.978700637817383
5353 329.27892903321447 -4.97715729152377 13.80997750214558 0.5984799308890221 38.248802185058594
5353 329.17073048913534 -4.895212081896329 7.103648238980961 0.4986698213747466 12.832481384277344
5353 329.14679567885213 -4.865825210174103 5.441411923768792 0.4188100330102115 3.873497486114502
5353 329.35219018200064 -4.680832208589994 12.59427007443117 0.7681508019485394 17.743030548095703
5353 329.03085019496905 -4.6407760055987435 11.44848513024382 0.5434086883461136 27.91878890991211
5353 329.413038820752 -4.696774658837761 15.59498553211539 1.3035115569550635 7.348081111907959
5356 104.76282293021819 -55.916315352496746 4.690399431010136 0.16152925071119442 37.65402603149414
5361 104.71045754798341 -55.80671680477748 8.556799180966488 0.7418718868174539 7.4735188484191895
7191 61.16423611933988 -41.03926632691673 5.684673097423745 0.09891441326126582 83.5295639038086
5761 59.07404045670518 -37.814246562005806 4.842675584408762 0.22657553235666955 23.359548568725586
5762 7.8463482849703 26.261613272814685 12.62592686530378 1.4673082937703652 8.305279731750488
5764 53.31075005069184 -25.000636600324633 3.149381335188549 0.05125282429334384 109.53799438476562
5764 53.158893673690784 -25.06717290680047 7.211627000686031 0.28646863428408204 33.89767074584961
5784 13.558642448192055 -35.2867399104519 9.50597423698528 0.2217587934957294 80.4403305053711
7182 35.992983587961994 -4.24389860418775 3.002457490164199 0.1657621380769251 8.792765617370605
5797 2.763596018673341 -28.803604897952408 6.324764711272309 0.2590559836531161 28.02350616455078
5800 64.8644441026483 2.5592071035777146 3.966416547196277 0.06664732442936219 151.9145965576172
7367 338.83977917351734 -25.988324893846666 2.722264115044328 0.171148756285146 7.508005619049072
7368 338.8397441004476 -25.98831957126473 2.747678351339415 0.20546925459371315 10.670208930969238
7895 350.00417966497423 42.798655026599434 4.835856755173094 0.19231019146072784 28.80242347717285
9341 81.62305865876172 -53.040770401668674 12.45391698873874 0.8964321112033151 23.045207977294922
9368 36.57170460586945 -4.789817647648605 8.651149507716603 0.5580805193039721 12.858116149902344
9369 69.82208293872341 5.25189554488622 6.298087269488299 0.08293528679686418 215.27816772460938
9369 69.84250283800813 5.322437766126063 3.703708103919102 0.09450236371964572 63.5186882019043
9382 292.92796253354874 -26.59326271837175 1.623277364265402 0.05286718641465735 48.3692626953125
9382 293.2609716923618 -26.619174168291025 16.34040072295659 0.43382867733180236 57.78236770629883
9897 15.722757318808162 -21.900715090995373 3.194961878130392 0.08408322804750382 44.78899383544922
11715 49.905121910329854 41.308325693574815 6.741858386106683 0.18967070574040615 22.303241729736328
11721 9.17350486644735 -43.19028252542023 9.389738401525369 0.5421035206648911 16.27776336669922
11728 354.3981569593391 0.2657100568736518 2.617355226931213 0.07682160685816669 42.25849914550781
11728 354.1999231321275 0.294494859094423 12.48143266245909 1.1140818052226575 14.6766939163208
11737 338.08107952952236 39.39714704195689 12.55949904650066 0.9000069135432245 14.959053039550781
11744 355.74445762616574 -55.412487136517235 4.859091185760956 0.09217229148916972 79.22000885009766
11744 356.0556910441801 -55.397397560481224 7.797258797343476 0.16287101384725483 95.23982238769531
11744 355.81473684051196 -55.389656785911264 2.382621250908794 0.027537049713832404 197.8610382080078
11752 301.86325068275363 -48.30166080904543 5.134788658707338 0.30482759110794494 9.360879898071289
11867 38.87677746171263 -52.51199400479265 7.891408120537212 0.3391034836502518 40.052650451660156
11867 39.2572386032034 -52.396418742487846 7.781912753799863 0.07793929268440536 330.4885559082031
12091 355.4145042770457 -54.03229407837115 11.32451717612035 0.4069038528138249 55.625999450683594
11997 0.11430282863102548 -50.07261132954964 6.21640514527954 0.1017811887249061 117.63986206054688
12179 15.6096148789903 -22.162594426653783 7.425184535177072 0.585341737369473 9.736026763916016
12244 88.27846942235966 -33.80153554071212 6.602968624279283 0.11019257001487047 114.08589935302734
12261 94.27269981291658 -52.33916552131006 6.21791244415088 0.11125951637100094 108.37480926513672
12264 90.00442872803535 -52.71504419773976 4.700744609910269 0.2767100330713763 12.066136360168457
12264 90.11118640707272 -52.7221234663525 7.644273636344406 0.5640619992458135 16.23258399963379
12879 328.9352768583841 38.021219747381366 2.744270877867176 0.05161474004637418 65.43407440185547
13218 329.0199555840565 37.933641779646656 4.123107776589372 0.18162090614006784 19.81111717224121
13218 328.9352674639306 38.021169518938024 2.731496943990305 0.049923875677407616 46.912841796875
13218 328.76864137256246 38.13586778212678 13.16612467032838 0.5415562690652044 27.196693420410156
13374 35.186218149997046 -5.049467322020683 10.972975879588 1.1389330337950647 6.974396705627441
13374 35.1031033544297 -5.042072283212476 7.393707517855626 0.09405463585656766 153.67283630371094
13392 15.6876167461272 -21.71096023562416 9.310799096766676 0.24931477470077198 62.11469268798828
13445 15.524483995558105 -22.12825471150584 3.800040792644774 0.12146686508306122 25.493253707885742
13445 15.609352968374255 -22.162613707904452 5.487615275275932 0.22521594761756733 25.140336990356445
13447 16.001429647910218 -21.59049007012461 9.229087087872045 0.28353225385905795 39.85735321044922
14338 15.616214607967992 -21.61052549924518 7.636542317336465 0.07395127594116034 253.0015411376953
13454 15.935693730603868 -21.812706512890927 7.384355051185367 0.32639995393184523 16.7299747467041
13456 15.609565255559803 -22.16257247487922 1.757024263338649 0.05995568527223982 51.084320068359375
13469 326.7074378141533 -46.72445632764148 7.886977999718622 0.19661113631864124 67.1087417602539
13471 3.6756640034582944 -49.88648962196059 3.924902184666116 0.04366728223114166 141.13818359375
15573 40.776924359625916 -59.66595426715387 10.75594205472729 1.0555584272763683 13.427234649658203
13486 103.9141149370839 -52.64626105937827 4.003033430052447 0.10761707999346022 62.83198928833008
13494 43.604808942766304 -48.441022889077956 16.12605013549543 0.9241808564177112 16.260995864868164
13496 353.56526938773663 -45.73160246818636 9.013987625910017 0.6943588374852194 12.852368354797363
13506 358.0510394051575 -46.728747546556356 12.63572700230603 0.6543481895631573 16.5704345703125
13989 49.21016973234148 42.37840247678241 5.087444223493812 0.38273792003098195 10.165301322937012
13990 49.399323461630836 42.27818413988072 5.428644461206052 0.12861727090142672 56.97114562988281
13991 49.32291373857621 42.215213686296174 7.267792570132108 0.2891950652341277 30.450971603393555
15547 339.9192394984413 -5.6953005153342735 4.694790338938645 0.29673351681242505 13.074859619140625
15588 94.0808127723782 -57.824542706458416 4.309161756854816 0.20569924665798 22.118886947631836
14024 44.77253901631841 13.66252435253995 7.121869022485354 0.08866605802146466 48.777767181396484
14361 351.73925096659707 -2.120085354569878 7.885173571873738 0.3833648366811431 13.723236083984375
14347 16.03707547958972 -22.266424475589755 7.098178858487303 0.0774652044519802 222.70262145996094
13455 15.919052013561508 -21.897850866568742 3.822824950697862 0.08142920363864554 63.748390197753906
15091 333.5900749817333 -16.898063760800593 7.902946632502728 0.17165703531074794 61.18698501586914
15091 333.607121820249 -16.99651929205448 1.916264063710042 0.014951023495293966 540.3583984375
15092 333.6071298576615 -16.996554696727173 1.925972638864344 0.04431331057429657 105.10348510742188
15093 11.047428415283038 -20.542640329889426 0.7808271617714851 0.0847517539042436 14.857664108276367
16513 10.872399792394848 -20.477491962999597 10.90690867105842 0.6518341495199823 32.37008285522461
15103 321.71199986210866 -12.099922284448294 2.329545817093769 0.12965338406714885 8.815339088439941
15113 45.268361416593024 -77.88092172934407 6.610756587647111 0.6491172130284858 7.617845058441162
15113 45.78805627036417 -77.74335895338677 9.30459803466462 0.7309116694166318 10.54832649230957
15667 32.42817735917345 -10.183888550585504 4.179977680645782 0.10369368003925834 124.8519287109375
16120 61.32279395478353 38.14231246041177 5.158916078595118 0.09526465836691077 62.12882995605469
16120 61.4371954975575 38.24781994692677 9.08817026945493 0.2986462132103676 45.714698791503906
16230 328.58780957439217 -0.8099426934967943 4.168604484618867 0.2543432805927367 12.033071517944336
17189 69.64513613903001 -46.06892708532527 7.147037843352678 0.6893459178254724 7.791802406311035
17190 78.73091793095415 -22.445188036139307 7.389731523265302 0.4269572378123135 23.01483154296875
17203 302.42304516283974 -56.47472481670903 4.287067916648232 0.07018727909362968 86.35528564453125
18711 74.99641545745969 -49.55006248251506 13.70203238514677 0.9281926725271018 7.296756744384766
18715 40.829607970620465 32.323771618990364 8.603091115284416 0.9146591037035913 8.976789474487305
18716 41.00677009624283 32.402991035612565 7.540572447264076 0.24916005777462025 53.66392135620117
18882 52.02732354163082 -23.498264965622727 15.19072652042714 1.5080433555844632 9.700360298156738
19565 50.59533640699083 41.67474589660362 4.759501603155885 0.20201751824023195 26.652881622314453
20634 356.3069167275123 -42.714423516660986 3.164982680628007 0.02789155598605613 432.20904541015625
20634 356.05451753400536 -42.66233217105193 8.450408793521817 0.11314058124240287 126.02516174316406
20635 356.26458918615276 -42.64493274396772 3.144367640676147 0.06971504260865254 61.822425842285156
20626 351.5743873348305 -12.18711297521553 14.60152765315803 1.0680097555651193 17.967975616455078
20633 331.5889732571856 9.1161881695146 3.53599069575834 0.12128887555463469 24.268783569335938
20851 50.9281855467406 24.346047360157332 4.593350454722767 0.18756026021257313 7.636998653411865
21705 353.55099060518495 -52.97670854526817 8.35727636466281 0.633511657805964 10.609013557434082
23103 50.475290029665615 41.246834365744 3.501948580346485 0.228768844780718 10.726057052612305
23064 50.36887881902465 41.11512250835774 6.425439299072599 0.19883920889980367 47.990516662597656
22725 95.475857277929 -52.732199465971284 5.299156174139074 0.12458624023308976 59.04108428955078
2312 53.17510600574138 -27.95067224760876 8.928002149129382 0.3438017412384165 22.22372055053711
2248 14.560865604539696 -27.834239438905733 5.207293490893959 0.4864065524311594 8.865171432495117
2300 160.62680894051152 -70.6990456335016 10.05010060529078 0.9173944956981992 12.150338172912598
4274 84.8737467790387 -28.953165524467526 14.73352730001987 0.6786492407364684 7.577261924743652
5021 53.38924617797521 -28.04943037880279 8.788652271129756 0.4219252218682122 18.815439224243164
5885 318.12659932619124 -63.498980265363635 3.672088050535557 0.2106421106175894 8.786419868469238
9575 53.17516875288684 -27.950564237226416 8.917426229492694 0.478921445837282 10.976614952087402
12043 53.175258529788486 -27.95079875883786 9.119735741916504 0.4743079574594621 11.043089866638184
12138 53.03615332677932 -27.793042507902275 4.258411269931037 0.06340946328423981 129.3796844482422
12138 53.11259407443002 -27.684932895383707 7.350167289846707 0.17434090277912487 51.41986846923828
13519 96.39459413433933 -54.00485853640567 7.008186732996138 0.2589684781884443 42.85850143432617
15193 352.7475017814355 39.3708628505173 8.298409906024325 0.5613017108135707 8.972217559814453
15264 67.40136609742046 26.572967919914177 1.669807866477462 0.0363805513642382 128.39154052734375
16177 53.17537871277871 -27.950470868735184 8.971118651855642 0.34545704675597155 33.50204849243164
16450 53.175454341551365 -27.95053468246654 8.933135523444438 0.39899349705807513 23.35304832458496
16453 53.07676215957398 -27.87361180501693 4.281364764308791 0.11996669903160279 45.725914001464844
16454 53.16163226003447 -27.859486846350006 3.73687845469961 0.08609971438542988 47.09370422363281
16455 53.17522612110254 -27.950179999840685 9.05275770137473 0.5671152776143734 12.248106956481934
17677 53.20669312914344 -27.91514546670629 7.874308586797645 0.47038357583408724 24.298931121826172
16193 84.63921091512799 -69.1996515327391 6.039619675425119 0.0819994924541719 110.67926788330078
16197 85.0453278920008 -69.3316620428554 16.14624549260812 0.03666315035571649 1042.968994140625
16197 84.44743111952076 -69.17201514630939 6.545945975460462 0.02311177855367631 622.8460693359375
16197 84.99467661533232 -69.10287320635615 6.928291468713699 0.17907587129098615 54.26023864746094
16198 85.04547980439467 -69.33161760564896 16.13353430929876 0.04718050117897071 715.2859497070312
16198 84.44764754887993 -69.17203573209362 6.586553411506339 0.031711698570247214 442.0605163574219
16198 84.68470293432442 -69.10157400187846 0.3484409257611054 0.01795310157301706 299.1158142089844
16198 84.56798490242188 -69.39181115354492 17.80963280472907 0.4863475466285601 58.298919677734375
16202 84.89846380879817 -69.07731159799346 4.778734269118167 0.2388079527175273 10.93106460571289
16446 84.89849479531958 -69.07724574783076 5.124119595960456 0.37100681949631226 10.762876510620117
16449 84.44676146823376 -69.17206934794541 6.809221318214273 0.03953661382660063 377.7555847167969
16449 84.6838620114294 -69.10164919296376 0.2908443975679486 0.019604018072561555 247.72341918945312
16612 84.67309555236841 -69.08706945760447 0.7962041127798372 0.030474817350220843 140.6909637451172
16616 85.04504465788085 -69.33177072655697 16.10473571822491 0.05160844496127226 744.8016357421875
16616 84.68415165216888 -69.10165283376764 0.3849102249656912 0.017452464105815035 318.2249450683594
16616 84.91391624119942 -69.0085889846563 7.580035910331728 0.37271934264662215 26.702585220336914
16616 84.56801090437145 -69.39184637539225 17.6877710952681 0.3419287195677119 84.88958740234375
17413 84.63945500095943 -69.19988319079177 6.09310005000718 0.1833538142021106 45.3061637878418
17544 84.44725353583851 -69.17211986051429 6.619558250432367 0.038034107387414244 402.901611328125
17544 84.68437725029237 -69.10168446027076 0.04542226649735369 0.02128398986326356 267.37939453125
17544 84.67337816359343 -69.08708946291613 0.9348156778150134 0.025792801924053525 224.4541473388672
17561 84.66783684545233 -69.09992899005144 0.4221605350578204 0.04965756489207707 40.4892463684082
17642 84.63920099887095 -69.19979168956445 6.121152451425675 0.1425071239417986 75.02394104003906
18671 84.64434238373885 -68.88503885919877 13.20772227336492 0.06765682222882614 542.1178588867188
18671 84.6391804859072 -69.1996001114554 5.737585585018925 0.06558940167201018 220.2007293701172
17290 34.48180966263441 -5.3383514409075 4.880236610073733 0.16692335745341833 37.42745590209961
17305 34.48305594176635 -5.091148358017805 0.8881080885582661 0.11215873551370434 12.254401206970215
17306 34.58528436711182 -5.074005495832411 1.07856339428807 0.023182371016751475 309.0387268066406
17307 34.07573810663654 -5.1026147390766985 7.950229890091069 0.32718297990329903 20.430688858032227
17308 34.02207835261698 -5.276188362189642 20.04004616011791 1.051428053258936 9.332099914550781
21390 67.34517169460865 0.4922557493439448 7.495378079957341 0.5549624029581627 21.595884323120117
